<gadget>
  <prompt-parameters>
    <parameter id="CODEMP" description="Empresa" metadata="multiList:Text" listType="sql" required="true" keep-last="true" keep-date="false" order="0">
      <expression type="SQL"><![CDATA[SELECT EMP.CODEMP AS VALUE, TO_CHAR(CODEMP) ||' - '|| NOMEFANTASIA AS LABEL FROM TSIEMP EMP WHERE CODEMP < 100 ORDER BY CODEMP]]></expression>
    </parameter>
    <parameter id="DTNEG" description="Dt. Entrada e Saída" metadata="datePeriod" required="true" keep-last="true" keep-date="false" order="1"/>
    <parameter id="CST" description="CST" metadata="multiList:Text" listType="text" required="false" keep-last="true" keep-date="false" order="2">
      <item value="1" label="1-Operação Trib c/ Alíq Básica"/>
      <item value="2" label="2-Operação Trib c/ AlíqDiferenciada"/>
      <item value="3" label="3-Por Unid de Medida de Produto"/>
      <item value="4" label="4-Monofásica Revenda a Alíq Zero"/>
      <item value="5" label="5-Operação Tributável por ST"/>
      <item value="6" label="6-Operação Tributável a Alíq Zero"/>
      <item value="7" label="7-Operação Isenta da Contribuição"/>
      <item value="8" label="8-Sem Incidência da Contribuição"/>
      <item value="9" label="9-Com Suspensão da Contribuição"/>
      <item value="49" label="49-Outras Operações de Saída"/>
      <item value="50" label="50-Rec Trib no Mercado Interno"/>
      <item value="51" label="51-Não Trib no Mercado Interno"/>
      <item value="52" label="52-Receita de Exportação"/>
      <item value="53" label="53-Não-Trib no Mercado Interno"/>
      <item value="54" label="54-Mercado Int e de Exportação"/>
      <item value="55" label="55-Mercado Int e de Exportação"/>
      <item value="56" label="56-Rec Trib e Não-Trib Mercado "/>
      <item value="60" label="60-Crédito Presumido"/>
      <item value="61" label="61-Crédito Presumido "/>
      <item value="62" label="62-Crédito Presumido "/>
      <item value="63" label="63-rédito Presumido "/>
      <item value="64" label="64-Operação de Aqui Vinculada"/>
      <item value="65" label="65-Crédito Presumido"/>
      <item value="66" label="66-Crédito Presumido "/>
      <item value="67" label="67-Outras Operações"/>
      <item value="70" label="70-Operação de Aqui sem Crédito"/>
      <item value="71" label="71-Operação de Aqui com Isenção"/>
      <item value="72" label="72-Operação de Aqui c Suspensão"/>
      <item value="73" label="73-Operação de Aquis a Alíq Zero"/>
      <item value="74" label="74-Op de Aqui s/ Contribuição"/>
      <item value="75" label="75-Op de Aquisição ST"/>
      <item value="98" label="98-Outras Operações de Entrada"/>
      <item value="99" label="99-Outras Operações"/>
    </parameter>
    <parameter id="NUNOTA" description="Nro Unico Nota" metadata="integer" required="false" keep-last="false" keep-date="false" order="3"/>
  </prompt-parameters>
  <level id="lvl_ajmqmsn" description="Principal">
    <container orientacao="V" tamanhoRelativo="100">
      <container orientacao="H" tamanhoRelativo="25">
        <container orientacao="V" tamanhoRelativo="274">
          <simple-value id="svl_ashn62e">
            <value-expression><![CDATA[<h1 align="center">Conferencia Pis e Cofins</h1><style>h1{  margin-left: 15%;	text-align: center;	vertical-align: top;	margin: 0 1.5%;	font-weight: bold;   padding: 40px 0;text-decoration: underline;}img {  position: relative;display: flex;justify-content: center;align-items: center;}.button {        text-align: center;        width: 60%;        height: 12vh;        margin-left: 20%;        font-size: 4.0vh;        font-style: bold;        color: white;        text-shadow: #000 1px 1px 10px;        border: transparent;        background-color: white;        border-radius: 10px 50px;    }    .bt7 {        background: linear-gradient(90deg, rgba(48, 96, 78, 1) 0%, rgba(37, 74, 59, 1) 50%, rgba(25, 51, 41, 1) 100%);box-shadow: rgba(50, 50, 93, 0.25) 0px 6px 12px -2px, rgba(0, 0, 0, 0.3) 0px 3px 7px -3px;    }    @font-face {        font-family: 'Oswald';        src: url('https://fonts.googleapis.com/css2?family=Oswald:wght@700&display=swap');    }</style>]]></value-expression>
          </simple-value>
        </container>
      </container>
      <container orientacao="V" tamanhoRelativo="25">
        <simple-value id="svl_cytuo3">
          <value-expression><![CDATA[<html><body><div class="texto"></div><button class="button bt7">Conferencia Entradas</button></div></body></html>]]></value-expression>
          <on-click navigate-to="lvl_a15sjqf"/>
        </simple-value>
      </container>
      <container orientacao="V" tamanhoRelativo="25">
        <simple-value id="svl_1w124f">
          <value-expression><![CDATA[<html><body><div class="texto"></div><button class="button bt7">Conferencia Saídas</button></div></body></html>]]></value-expression>
          <on-click navigate-to="lvl_a1788hr"/>
        </simple-value>
      </container>
      <container orientacao="V" tamanhoRelativo="25">
        <simple-value id="svl_cytuo1">
          <value-expression><![CDATA[<html><body><div class="texto"></div><button class="button bt7">Totalizadores</button></div></body></html>]]></value-expression>
          <on-click navigate-to="lvl_1w1235"/>
        </simple-value>
      </container>
    </container>
  </level>
  <level id="lvl_a15sjqf" description="COMPRAS">
    <container orientacao="V" tamanhoRelativo="100">
      <container orientacao="V" tamanhoRelativo="50">
        <grid id="grd_a15sjqg" useNewGrid="S">
          <title><![CDATA[Entradas - Compras e Devoluções de Venda]]></title>
          <expression type="sql" data-source="MGEDS"><![CDATA[SELECT 	X.NUNOTA	, X.NUMNOTA	, X.CODPARC	, X.RAZAOSOCIAL	, SUM(X.VLRAT) AS VLRCONTABIL	, X.NATCRED	, X.CODTIPOPER	, X.CODCFO AS CFOP     , X.MOV	, SUM(X.BASE) AS BASE	, SUM(X.ALIQUOTAPIS) AS ALIQPIS	, SUM(X.PIS) AS PIS	, SUM(X.ALIQUOTACOFINS) AS ALIQCOFINS	, SUM(X.COFINS) AS COFINSFROM (SELECT 	CAB.NUNOTA	, CAB.NUMNOTA	, CAB.CODPARC	, PAR.RAZAOSOCIAL	, CAB.TIPMOV	, CAB.CODTIPOPER	, SUM( ROUND(((ITE.VLRTOT - ITE.VLRDESC - ITE.VLRREPRED + ITE.VLRSUBST + ITE.VLRIPI)  * VCA.INDITENS),2)) AS VLRAT	, OPTION_LABEL('NATBCREED','TGFTOP',TTP.NATBCCRED) AS NATCRED	, ITE.CODCFO	, SUM(CASE WHEN DIN.BASERED = 0 THEN DIN.BASE ELSE DIN.BASERED END) AS BASE	, DIN.ALIQUOTA AS ALIQUOTAPIS	, 0 AS ALIQUOTACOFINS	, SUM(DIN.VALOR) AS PIS	, 0 AS COFINS	, CASE          WHEN CAB.TIPMOV='I'  THEN 'Financeiro'          WHEN CAB.TIPMOV='V'  THEN 'Venda'          WHEN CAB.TIPMOV='G'  THEN 'Pagamento'         WHEN CAB.TIPMOV='Q'  THEN 'Requisição'         WHEN CAB.TIPMOV='R'  THEN 'Recebimento'         WHEN CAB.TIPMOV='C'  THEN 'Compra'         WHEN CAB.TIPMOV='T'  THEN 'Transferência'         WHEN CAB.TIPMOV='B'  THEN 'Movimento bancário'         WHEN CAB.TIPMOV='P'  THEN 'Pedido de Venda'         WHEN CAB.TIPMOV='O'  THEN 'Pedido de Compra'         WHEN CAB.TIPMOV='D'  THEN 'Devolução de venda'         WHEN CAB.TIPMOV='E'  THEN 'Devolução de compra'         WHEN CAB.TIPMOV='J'  THEN 'Pedido de Requisção'        END AS MOV	FROM TGFCAB CAB INNER JOIN TGFITE ITE ON CAB.NUNOTA = ITE.NUNOTA                INNER JOIN TGFDIN DIN ON ITE.NUNOTA = DIN.NUNOTA AND ITE.SEQUENCIA = DIN.SEQUENCIA				INNER JOIN TGFPAR PAR ON CAB.CODPARC = PAR.CODPARC				INNER JOIN TGFTOP TTP ON TTP.CODTIPOPER = CAB.CODTIPOPER AND TTP.DHALTER = CAB.DHTIPOPER				INNER JOIN VGFCAB VCA ON VCA.NUNOTA = ITE.NUNOTA				WHERE 	CAB.CODEMP IN :CODEMP	AND CAB.DTENTSAI BETWEEN :DTNEG.INI AND :DTNEG.FIN	AND CAB.TIPMOV = 'D'	--AND (CASE WHEN CAB.TIPMOV ='C' THEN 'A' WHEN CAB.TIPMOV ='D' THEN CAB.STATUSNFE END ) = 'A'	AND CAB.STATUSNOTA ='L'	AND CODIMP IN (6) 	AND DIN.CODINC = 0	AND (DIN.CST IN :CST)    AND (CAB.NUNOTA = :NUNOTA OR :NUNOTA IS NULL)	GROUP BY 	CAB.NUNOTA, CAB.NUMNOTA, CAB.TIPMOV, CAB.CODPARC,PAR.RAZAOSOCIAL, DIN.CODIMP,DIN.ALIQUOTA, CAB.TIPMOV, TTP.NATBCCRED, CAB.CODTIPOPER, ITE.CODCFO	UNION ALLSELECT 	CAB.NUNOTA	, CAB.NUMNOTA	, CAB.CODPARC	, PAR.RAZAOSOCIAL	, CAB.TIPMOV	, CAB.CODTIPOPER	, 0 AS VLRAT	, OPTION_LABEL('NATBCREED','TGFTOP',TTP.NATBCCRED) AS NATCRED	, ITE.CODCFO	, 0 AS BASE	--, SUM(ISNULL(DIN.BASERED,DIN.BASE)) AS BASE	, 0 AS ALIQUOTAPIS	, DIN.ALIQUOTA AS ALIQUOTACOFINS	, 0 AS PIS	, SUM(DIN.VALOR) AS COFINS	, CASE          WHEN CAB.TIPMOV='I'  THEN 'Financeiro'          WHEN CAB.TIPMOV='V'  THEN 'Venda'          WHEN CAB.TIPMOV='G'  THEN 'Pagamento'         WHEN CAB.TIPMOV='Q'  THEN 'Requisição'         WHEN CAB.TIPMOV='R'  THEN 'Recebimento'         WHEN CAB.TIPMOV='C'  THEN 'Compra'         WHEN CAB.TIPMOV='T'  THEN 'Transferência'         WHEN CAB.TIPMOV='B'  THEN 'Movimento bancário'         WHEN CAB.TIPMOV='P'  THEN 'Pedido de Venda'         WHEN CAB.TIPMOV='O'  THEN 'Pedido de Compra'         WHEN CAB.TIPMOV='D'  THEN 'Devolução de venda'         WHEN CAB.TIPMOV='E'  THEN 'Devolução de compra'         WHEN CAB.TIPMOV='J'  THEN 'Pedido de Requisção'        END AS MOV	FROM TGFCAB CAB INNER JOIN TGFITE ITE ON CAB.NUNOTA = ITE.NUNOTA                INNER JOIN TGFDIN DIN ON ITE.NUNOTA = DIN.NUNOTA AND ITE.SEQUENCIA = DIN.SEQUENCIA				INNER JOIN TGFPAR PAR ON CAB.CODPARC = PAR.CODPARC				INNER JOIN TGFTOP TTP ON TTP.CODTIPOPER = CAB.CODTIPOPER AND TTP.DHALTER = CAB.DHTIPOPER 				INNER JOIN VGFCAB VCA ON VCA.NUNOTA = ITE.NUNOTA				WHERE 	CAB.CODEMP IN :CODEMP	AND CAB.DTENTSAI BETWEEN :DTNEG.INI AND :DTNEG.FIN	AND CAB.TIPMOV = 'D'	--AND (CASE WHEN CAB.TIPMOV ='C' THEN 'A' WHEN CAB.TIPMOV ='D' THEN CAB.STATUSNFE END ) = 'A'	AND CAB.STATUSNOTA ='L'	AND CODIMP IN (7) 	AND DIN.CODINC = 0	AND (DIN.CST IN :CST)	AND (CAB.NUNOTA = :NUNOTA OR :NUNOTA IS NULL)	GROUP BY 	CAB.NUNOTA, CAB.NUMNOTA, CAB.TIPMOV, CAB.CODPARC,PAR.RAZAOSOCIAL,  DIN.CODIMP,DIN.ALIQUOTA, CAB.TIPMOV, TTP.NATBCCRED, CAB.CODTIPOPER, ITE.CODCFO) XGROUP BY X.NUNOTA, X.MOV	, X.NUMNOTA	, X.CODPARC	, X.RAZAOSOCIAL	, X.NATCRED	, X.CODTIPOPER	, X.CODCFOORDER BY X.NUNOTA]]></expression>
          <metadata>
            <field name="NUNOTA" label="Nr. Único" type="I" visible="true" useFooter="false"/>
            <field name="NUMNOTA" label="Nr. Nota" type="I" visible="true" useFooter="false"/>
            <field name="CODPARC" label="Cód. Parc" type="I" visible="true" useFooter="false"/>
            <field name="RAZAOSOCIAL" label="Parceiro" type="S" visible="true" useFooter="false"/>
            <field name="VLRCONTABIL" label="Vlr. Contábil" type="I" visible="true" useFooter="SUM" mask="#.##0,00;-n"/>
            <field name="NATCRED" label="Natureza Cred. PISCOFINS" type="S" visible="true" useFooter="false"/>
            <field name="CODTIPOPER" label="TOP" type="I" visible="true" useFooter="false"/>
            <field name="CFOP" label="CFOP" type="I" visible="true" useFooter="false" mask="###0"/>
            <field name="MOV" label="Movimento" type="S" visible="true" useFooter="false"/>
            <field name="BASE" label="Base" type="F" visible="true" useFooter="SUM" mask="#.##0,00;-n"/>
            <field name="ALIQPIS" label="Aliq. PIS" type="F" visible="true" useFooter="false"/>
            <field name="PIS" label="PIS" type="F" visible="true" useFooter="SUM" mask="#.##0,00;-n"/>
            <field name="ALIQCOFINS" label="Aliq. COFINS" type="F" visible="true" useFooter="false"/>
            <field name="COFINS" label="COFINS" type="F" visible="true" useFooter="SUM" mask="#.##0,00;-n"/>
          </metadata>
          <on-click-launcher resource-id="br.com.sankhya.com.mov.CentralNotas">
            <NUNOTA>:NUNOTA</NUNOTA>
          </on-click-launcher>
          <refresh-details ui-list="grd_a15sjqh">
            <param id="P_NUNOTA">$NUNOTA</param>
            <param id="P_CST">:CST</param>
          </refresh-details>
        </grid>
      </container>
      <container orientacao="V" tamanhoRelativo="50">
        <grid id="grd_a15sjqh" useNewGrid="S">
          <args>
            <arg id="P_NUNOTA" type="integer"/>
            <arg id="P_CST" type="integer"/>
          </args>
          <expression type="sql" data-source="MGEDS"><![CDATA[SELECT X.NUNOTA, X.NUMNOTA, X.CODPROD, X.DESCRPROD, X.NCM, X.CODCFO , X.CODTRIB, X.CST, SUM(X.QTDNEG) AS QTDNEG, SUM(X.VLRUNIT) AS VLRUNIT, SUM(X.VLRTOT) AS VLRTOT, SUM(X.BASEICMS) AS BASEICMS, SUM(X.VLRICMS) AS VLRICMS, SUM(X.BASESUBSTIT) AS BASESUBSTIT, SUM(X.VLRSUBST) AS VLRSUBST, SUM(X.BASEIPI) AS BASEIPI, SUM(X.VLRIPI) AS VLRIPI, SUM(X.BASE) AS BASE, SUM(ALIQPIS) ALIQPIS, SUM(PIS) AS PIS, SUM(ALIQCOFINS) AS ALIQCOFINS, SUM(COFINS) AS COFINS, X.CODNAT, X.DESCRNAT, X.NATUREZAFROM (SELECT CAB.NUNOTA, CAB.NUMNOTA, ITE.CODPROD, PRO.DESCRPROD, PRO.NCM, ITE.CODCFO , ITE.CODTRIB, DIN.CST, ITE.QTDNEG, ITE.VLRUNIT, ROUND(((ITE.VLRTOT - ITE.VLRDESC - ITE.VLRREPRED + ITE.VLRSUBST + ITE.VLRIPI)  * VCA.INDITENS),2) AS VLRTOT, ITE.BASEICMS, ITE.VLRICMS, ITE.BASESUBSTIT, ITE.VLRSUBST, ITE.BASEIPI, ITE.VLRIPI, CASE WHEN DIN.BASERED = 0 THEN DIN.BASE ELSE DIN.BASERED END AS BASE, DIN.ALIQUOTA AS ALIQPIS, DIN.VALOR AS PIS, 0 AS ALIQCOFINS, 0 AS COFINS, CAB.CODNAT, NAT.DESCRNAT, CASE WHEN TTP.NATEFDCONTM410M810 IS NOT NULL THEN TTP.NATEFDCONTM410M810 ELSE PRO.NATEFDCONTM410M810 END AS NATUREZAFROM TGFCAB CAB INNER JOIN TGFITE ITE ON CAB.NUNOTA = ITE.NUNOTAINNER JOIN TGFDIN DIN ON ITE.NUNOTA = DIN.NUNOTA AND DIN.SEQUENCIA = ITE.SEQUENCIAINNER JOIN TGFPRO PRO ON ITE.CODPROD = PRO.CODPRODINNER JOIN TGFNAT NAT ON NAT.CODNAT = CAB.CODNATINNER JOIN TGFTOP TTP ON (CAB.CODTIPOPER = TTP.CODTIPOPER AND CAB.DHTIPOPER = TTP.DHALTER)INNER JOIN VGFCAB VCA ON VCA.NUNOTA = ITE.NUNOTAWHERE	CAB.CODEMP IN :CODEMP	AND CAB.DTENTSAI BETWEEN :DTNEG.INI AND :DTNEG.FIN	AND CAB.TIPMOV = 'D'	--AND (CASE WHEN CAB.TIPMOV ='C' THEN 'A' WHEN CAB.TIPMOV ='D' THEN CAB.STATUSNFE END ) = 'A'	AND CAB.STATUSNOTA ='L'	AND CODIMP IN (6) 	AND DIN.CODINC = 0	AND (DIN.CST IN :CST)	AND (CAB.NUNOTA = :P_NUNOTA)UNION ALL SELECT CAB.NUNOTA, CAB.NUMNOTA, ITE.CODPROD, PRO.DESCRPROD, PRO.NCM, ITE.CODCFO , ITE.CODTRIB, DIN.CST, 0 AS QTDNEG, 0 AS VLRUNIT, 0 AS VLRTOT, 0 AS BASEICMS, 0 AS VLRICMS, 0 AS BASESUBSTIT, 0 AS VLRSUBST, 0 AS BASEIPI, 0 AS VLRIPI, 0 AS BASE, 0 AS ALIQPIS, 0 AS PIS, DIN.ALIQUOTA AS ALIQCOFINS, DIN.VALOR AS COFINS, CAB.CODNAT, NAT.DESCRNAT, CASE WHEN TTP.NATEFDCONTM410M810 IS NOT NULL THEN TTP.NATEFDCONTM410M810 ELSE PRO.NATEFDCONTM410M810 END AS NATUREZAFROM TGFCAB CAB INNER JOIN TGFITE ITE ON CAB.NUNOTA = ITE.NUNOTAINNER JOIN TGFDIN DIN ON ITE.NUNOTA = DIN.NUNOTA AND DIN.SEQUENCIA = ITE.SEQUENCIAINNER JOIN TGFPRO PRO ON ITE.CODPROD = PRO.CODPRODINNER JOIN TGFNAT NAT ON NAT.CODNAT = CAB.CODNATINNER JOIN TGFTOP TTP ON (CAB.CODTIPOPER = TTP.CODTIPOPER AND CAB.DHTIPOPER = TTP.DHALTER)INNER JOIN VGFCAB VCA ON VCA.NUNOTA = ITE.NUNOTAWHERE	    CAB.CODEMP IN :CODEMP	AND CAB.DTENTSAI BETWEEN :DTNEG.INI AND :DTNEG.FIN	AND CAB.TIPMOV = 'D'	--AND (CASE WHEN CAB.TIPMOV ='C' THEN 'A' WHEN CAB.TIPMOV ='D' THEN CAB.STATUSNFE END ) = 'A'	AND CAB.STATUSNOTA ='L'	AND CODIMP IN (7) 	AND DIN.CODINC = 0	AND (DIN.CST IN :CST)	AND (CAB.NUNOTA = :P_NUNOTA)	)XGROUP BY X.NUNOTA, X.NUMNOTA, X.CODPROD, X.DESCRPROD, X.NCM, X.CODCFO , X.CODTRIB, X.CST, X.CODNAT, X.DESCRNAT, X.NATUREZAORDER BY CODPROD, PIS, COFINS   ]]></expression>
          <metadata>
            <field name="NUNOTA" label="NUNOTA" type="I" visible="true" useFooter="false"/>
            <field name="NUMNOTA" label="NUMNOTA" type="I" visible="true" useFooter="false"/>
            <field name="CODPROD" label="Cód. Prod" type="I" visible="true" useFooter="false"/>
            <field name="DESCRPROD" label="Produto" type="S" visible="true" useFooter="false"/>
            <field name="NCM" label="NCM" type="S" visible="true" useFooter="false"/>
            <field name="CODCFO" label="CFOP" type="I" visible="true" useFooter="false"/>
            <field name="CODTRIB" label="CST ICMS" type="I" visible="true" useFooter="false"/>
            <field name="CST" label="CST PIS/COFINS" type="I" visible="true" useFooter="false"/>
            <field name="QTDNEG" label="Qtd. Neg" type="F" visible="true" useFooter="SUM"/>
            <field name="VLRUNIT" label="Vlr. Unit" type="F" visible="true" useFooter="SUM" mask="#.##0,00"/>
            <field name="VLRTOT" label="Vlr. Total" type="F" visible="true" useFooter="SUM" mask="#.##0,00"/>
            <field name="BASEICMS" label="Base ICMS" type="I" visible="true" useFooter="SUM" mask="#.##0,00"/>
            <field name="VLRICMS" label="Vlr. ICMS" type="I" visible="true" useFooter="SUM" mask="#.##0,00"/>
            <field name="BASESUBSTIT" label="Base ST" type="I" visible="true" useFooter="SUM" mask="#.##0,00"/>
            <field name="VLRSUBST" label="Vlr. ST" type="I" visible="true" useFooter="SUM" mask="#.##0,00"/>
            <field name="BASEIPI" label="Base IPI" type="I" visible="true" useFooter="SUM" mask="#.##0,00"/>
            <field name="VLRIPI" label="Vlr. IPI" type="I" visible="true" useFooter="SUM" mask="#.##0,00"/>
            <field name="BASE" label="Base" type="F" visible="true" useFooter="SUM" mask="#.##0,00"/>
            <field name="ALIQPIS" label="Aliq. PIS" type="F" visible="true" useFooter="false"/>
            <field name="PIS" label="PIS" type="F" visible="true" useFooter="SUM" mask="#.##0,00"/>
            <field name="ALIQCOFINS" label="Aliq. COFINS" type="F" visible="true" useFooter="false"/>
            <field name="COFINS" label="COFINS" type="F" visible="true" useFooter="SUM" mask="#.##0,00"/>
            <field name="CODNAT" label="Cód. Nat" type="I" visible="true" useFooter="false"/>
            <field name="DESCRNAT" label="Natureza" type="S" visible="true" useFooter="false"/>
            <field name="NATUREZA" label="Nat. Rec. Isenta" type="I" visible="true" useFooter="false"/>
          </metadata>
        </grid>
      </container>
    </container>
  </level>
  <level id="lvl_a1788hr" description="VENDAS">
    <container orientacao="V" tamanhoRelativo="100">
      <container orientacao="V" tamanhoRelativo="50">
        <grid id="grd_a1788hs" useNewGrid="S">
          <title><![CDATA[Saídas - Vendas e Devoluções de Compra]]></title>
          <expression type="sql" data-source="MGEDS"><![CDATA[SELECT 	X.NUNOTA	, X.NUMNOTA	, X.CODPARC	, X.RAZAOSOCIAL	, SUM(X.VLRAT) AS VLRCONTABIL	, X.NATCRED	, X.CODTIPOPER	, X.CODCFO AS CFOP    , X.MOV	, SUM(X.BASE) AS BASE	, SUM(X.ALIQUOTAPIS) AS ALIQPIS	, SUM(X.PIS) AS PIS	, SUM(X.ALIQUOTACOFINS) AS ALIQCOFINS	, SUM(X.COFINS) AS COFINSFROM (SELECT 	CAB.NUNOTA	, CAB.NUMNOTA	, CAB.CODPARC	, PAR.RAZAOSOCIAL	, CAB.TIPMOV	, CAB.CODTIPOPER	, SUM( ROUND(((ITE.VLRTOT - ITE.VLRDESC - ITE.VLRREPRED + ITE.VLRSUBST + ITE.VLRIPI)  * VCA.INDITENS),2)) AS VLRAT	, OPTION_LABEL('NATBCREED','TGFTOP',TTP.NATBCCRED) AS NATCRED	, ITE.CODCFO	, SUM(CASE WHEN DIN.BASERED = 0 THEN DIN.BASE ELSE DIN.BASERED END) AS BASE	, DIN.ALIQUOTA AS ALIQUOTAPIS	, 0 AS ALIQUOTACOFINS	, SUM(DIN.VALOR) AS PIS	, 0 AS COFINS	, CASE          WHEN CAB.TIPMOV='I'  THEN 'Financeiro'          WHEN CAB.TIPMOV='V'  THEN 'Venda'          WHEN CAB.TIPMOV='G'  THEN 'Pagamento'         WHEN CAB.TIPMOV='Q'  THEN 'Requisição'         WHEN CAB.TIPMOV='R'  THEN 'Recebimento'         WHEN CAB.TIPMOV='C'  THEN 'Compra'         WHEN CAB.TIPMOV='T'  THEN 'Transferência'         WHEN CAB.TIPMOV='B'  THEN 'Movimento bancário'         WHEN CAB.TIPMOV='P'  THEN 'Pedido de Venda'         WHEN CAB.TIPMOV='O'  THEN 'Pedido de Compra'         WHEN CAB.TIPMOV='D'  THEN 'Devolução de venda'         WHEN CAB.TIPMOV='E'  THEN 'Devolução de compra'         WHEN CAB.TIPMOV='J'  THEN 'Pedido de Requisção'        END AS MOV	FROM TGFCAB CAB INNER JOIN TGFITE ITE ON CAB.NUNOTA = ITE.NUNOTA                INNER JOIN TGFDIN DIN ON ITE.NUNOTA = DIN.NUNOTA AND ITE.SEQUENCIA = DIN.SEQUENCIA				INNER JOIN TGFPAR PAR ON CAB.CODPARC = PAR.CODPARC				INNER JOIN TGFTOP TTP ON TTP.CODTIPOPER = CAB.CODTIPOPER AND TTP.DHALTER = CAB.DHTIPOPER				INNER JOIN VGFCAB VCA ON VCA.NUNOTA = ITE.NUNOTA				WHERE 	CAB.CODEMP IN :CODEMP	AND CAB.DTENTSAI BETWEEN :DTNEG.INI AND :DTNEG.FIN	AND CAB.TIPMOV IN ('V','E')	--AND (CASE WHEN CAB.TIPMOV ='C' THEN 'A' WHEN CAB.TIPMOV ='D' THEN CAB.STATUSNFE END ) = 'A'	AND CAB.STATUSNOTA ='L'	AND CODIMP IN (6) 	AND DIN.CODINC = 0	AND (DIN.CST IN :CST)    AND (CAB.NUNOTA = :NUNOTA OR :NUNOTA IS NULL)	GROUP BY 	CAB.NUNOTA, CAB.NUMNOTA, CAB.TIPMOV, CAB.CODPARC,PAR.RAZAOSOCIAL, DIN.CODIMP,DIN.ALIQUOTA, CAB.TIPMOV, TTP.NATBCCRED, CAB.CODTIPOPER, ITE.CODCFO	UNION ALLSELECT 	CAB.NUNOTA	, CAB.NUMNOTA	, CAB.CODPARC	, PAR.RAZAOSOCIAL	, CAB.TIPMOV	, CAB.CODTIPOPER	, 0 AS VLRAT	, OPTION_LABEL('NATBCREED','TGFTOP',TTP.NATBCCRED) AS NATCRED	, ITE.CODCFO	, 0 AS BASE	--, SUM(ISNULL(DIN.BASERED,DIN.BASE)) AS BASE	, 0 AS ALIQUOTAPIS	, DIN.ALIQUOTA AS ALIQUOTACOFINS	, 0 AS PIS	, SUM(DIN.VALOR) AS COFINS	, CASE          WHEN CAB.TIPMOV='I'  THEN 'Financeiro'          WHEN CAB.TIPMOV='V'  THEN 'Venda'          WHEN CAB.TIPMOV='G'  THEN 'Pagamento'         WHEN CAB.TIPMOV='Q'  THEN 'Requisição'         WHEN CAB.TIPMOV='R'  THEN 'Recebimento'         WHEN CAB.TIPMOV='C'  THEN 'Compra'         WHEN CAB.TIPMOV='T'  THEN 'Transferência'         WHEN CAB.TIPMOV='B'  THEN 'Movimento bancário'         WHEN CAB.TIPMOV='P'  THEN 'Pedido de Venda'         WHEN CAB.TIPMOV='O'  THEN 'Pedido de Compra'         WHEN CAB.TIPMOV='D'  THEN 'Devolução de venda'         WHEN CAB.TIPMOV='E'  THEN 'Devolução de compra'         WHEN CAB.TIPMOV='J'  THEN 'Pedido de Requisção'        END AS MOV	FROM TGFCAB CAB INNER JOIN TGFITE ITE ON CAB.NUNOTA = ITE.NUNOTA                INNER JOIN TGFDIN DIN ON ITE.NUNOTA = DIN.NUNOTA AND ITE.SEQUENCIA = DIN.SEQUENCIA				INNER JOIN TGFPAR PAR ON CAB.CODPARC = PAR.CODPARC				INNER JOIN TGFTOP TTP ON TTP.CODTIPOPER = CAB.CODTIPOPER AND TTP.DHALTER = CAB.DHTIPOPER 				INNER JOIN VGFCAB VCA ON VCA.NUNOTA = ITE.NUNOTA				WHERE 	CAB.CODEMP IN :CODEMP	AND CAB.DTENTSAI BETWEEN :DTNEG.INI AND :DTNEG.FIN	AND CAB.TIPMOV IN ('V','E')	--AND (CASE WHEN CAB.TIPMOV ='C' THEN 'A' WHEN CAB.TIPMOV ='D' THEN CAB.STATUSNFE END ) = 'A'	AND CAB.STATUSNOTA ='L'	AND CODIMP IN (7) 	AND DIN.CODINC = 0	AND (DIN.CST IN :CST)	AND (CAB.NUNOTA = :NUNOTA OR :NUNOTA IS NULL)	GROUP BY 	CAB.NUNOTA, CAB.NUMNOTA, CAB.TIPMOV, CAB.CODPARC,PAR.RAZAOSOCIAL,  DIN.CODIMP,DIN.ALIQUOTA, CAB.TIPMOV, TTP.NATBCCRED, CAB.CODTIPOPER, ITE.CODCFO) XGROUP BY X.NUNOTA, X.MOV	, X.NUMNOTA	, X.CODPARC	, X.RAZAOSOCIAL	, X.NATCRED	, X.CODTIPOPER	, X.CODCFOORDER BY X.NUNOTA]]></expression>
          <metadata>
            <field name="NUNOTA" label="Nr. Único" type="I" visible="true" useFooter="false"/>
            <field name="NUMNOTA" label="Nr. Nota" type="I" visible="true" useFooter="false"/>
            <field name="CODPARC" label="Cód. Parc" type="I" visible="true" useFooter="false"/>
            <field name="RAZAOSOCIAL" label="Parceiro" type="S" visible="true" useFooter="false"/>
            <field name="VLRCONTABIL" label="Vlr. Contábil" type="I" visible="true" useFooter="SUM" mask="#.##0,00;-n"/>
            <field name="NATCRED" label="NATCRED" type="S" visible="true" useFooter="false"/>
            <field name="CODTIPOPER" label="CODTIPOPER" type="I" visible="true" useFooter="false"/>
            <field name="CFOP" label="CFOP" type="I" visible="true" useFooter="false" mask="###0"/>
            <field name="MOV" label="Movimento" type="S" visible="true" useFooter="false"/>
            <field name="BASE" label="Base" type="F" visible="true" useFooter="SUM" mask="#.##0,00;-n"/>
            <field name="ALIQPIS" label="Aliq. PIS" type="F" visible="true" useFooter="false"/>
            <field name="PIS" label="PIS" type="F" visible="true" useFooter="SUM" mask="#.##0,00;-n"/>
            <field name="ALIQCOFINS" label="Aliq. COFINS" type="F" visible="true" useFooter="false"/>
            <field name="COFINS" label="COFINS" type="F" visible="true" useFooter="SUM" mask="#.##0,00;-n"/>
          </metadata>
          <on-click-launcher resource-id="br.com.sankhya.com.mov.CentralNotas">
            <NUNOTA>$NUNOTA</NUNOTA>
          </on-click-launcher>
          <refresh-details ui-list="grd_a1788ht">
            <param id="P_NUNOTA">$NUNOTA</param>
            <param id="P_CST">:CST</param>
          </refresh-details>
        </grid>
      </container>
      <container orientacao="V" tamanhoRelativo="50">
        <grid id="grd_a1788ht" useNewGrid="S">
          <args>
            <arg id="P_NUNOTA" type="integer"/>
            <arg id="P_CST" type="integer"/>
          </args>
          <expression type="sql" data-source="MGEDS"><![CDATA[SELECT X.NUNOTA, X.NUMNOTA, X.CODPROD, X.DESCRPROD, X.NCM, X.CODCFO , X.CODTRIB, X.CST, SUM(X.QTDNEG) AS QTDNEG, SUM(X.VLRUNIT) AS VLRUNIT, SUM(X.VLRTOT) AS VLRTOT, SUM(X.BASEICMS) AS BASEICMS, SUM(X.VLRICMS) AS VLRICMS, SUM(X.BASESUBSTIT) AS BASESUBSTIT, SUM(X.VLRSUBST) AS VLRSUBST, SUM(X.BASE) AS BASE, SUM(ALIQPIS) ALIQPIS, SUM(PIS) AS PIS, SUM(ALIQCOFINS) AS ALIQCOFINS, SUM(COFINS) AS COFINS, X.CODNAT, X.DESCRNAT, X.NATUREZAFROM (SELECT CAB.NUNOTA, CAB.NUMNOTA, ITE.CODPROD, PRO.DESCRPROD, PRO.NCM, ITE.CODCFO , ITE.CODTRIB, DIN.CST, ITE.QTDNEG, ITE.VLRUNIT, ROUND(((ITE.VLRTOT - ITE.VLRDESC - ITE.VLRREPRED + ITE.VLRSUBST + ITE.VLRIPI)  * VCA.INDITENS),2) AS VLRTOT, ITE.BASEICMS, ITE.VLRICMS, ITE.BASESUBSTIT, ITE.VLRSUBST, CASE WHEN DIN.BASERED = 0 THEN DIN.BASE ELSE DIN.BASERED END AS BASE, DIN.ALIQUOTA AS ALIQPIS, DIN.VALOR AS PIS, 0 AS ALIQCOFINS, 0 AS COFINS, CAB.CODNAT, NAT.DESCRNAT, CASE WHEN TTP.NATEFDCONTM410M810 IS NOT NULL THEN TTP.NATEFDCONTM410M810 ELSE PRO.NATEFDCONTM410M810 END AS NATUREZAFROM TGFCAB CAB INNER JOIN TGFITE ITE ON CAB.NUNOTA = ITE.NUNOTAINNER JOIN TGFDIN DIN ON ITE.NUNOTA = DIN.NUNOTA AND DIN.SEQUENCIA = ITE.SEQUENCIAINNER JOIN TGFPRO PRO ON ITE.CODPROD = PRO.CODPRODINNER JOIN TGFNAT NAT ON NAT.CODNAT = CAB.CODNATINNER JOIN TGFTOP TTP ON (CAB.CODTIPOPER = TTP.CODTIPOPER AND CAB.DHTIPOPER = TTP.DHALTER)INNER JOIN VGFCAB VCA ON VCA.NUNOTA = ITE.NUNOTAWHERE	CAB.CODEMP IN :CODEMP	AND CAB.DTENTSAI BETWEEN :DTNEG.INI AND :DTNEG.FIN	AND CAB.TIPMOV IN ('V','E')	--AND (CASE WHEN CAB.TIPMOV ='C' THEN 'A' WHEN CAB.TIPMOV ='D' THEN CAB.STATUSNFE END ) = 'A'	AND CAB.STATUSNOTA ='L'	AND CODIMP IN (6) 	AND DIN.CODINC = 0	AND (DIN.CST IN :CST)	AND (CAB.NUNOTA = :P_NUNOTA)UNION ALL SELECT CAB.NUNOTA, CAB.NUMNOTA, ITE.CODPROD, PRO.DESCRPROD, PRO.NCM, ITE.CODCFO , ITE.CODTRIB, DIN.CST, 0 AS QTDNEG, 0 AS VLRUNIT, 0 AS VLRTOT, 0 AS BASEICMS, 0 AS VLRICMS, 0 AS BASESUBSTIT, 0 AS VLRSUBST, 0 AS BASE, 0 AS ALIQPIS, 0 AS PIS, DIN.ALIQUOTA AS ALIQCOFINS, DIN.VALOR AS COFINS, CAB.CODNAT, NAT.DESCRNAT, CASE WHEN TTP.NATEFDCONTM410M810 IS NOT NULL THEN TTP.NATEFDCONTM410M810 ELSE PRO.NATEFDCONTM410M810 END AS NATUREZAFROM TGFCAB CAB INNER JOIN TGFITE ITE ON CAB.NUNOTA = ITE.NUNOTAINNER JOIN TGFDIN DIN ON ITE.NUNOTA = DIN.NUNOTA AND DIN.SEQUENCIA = ITE.SEQUENCIAINNER JOIN TGFPRO PRO ON ITE.CODPROD = PRO.CODPRODINNER JOIN TGFNAT NAT ON NAT.CODNAT = CAB.CODNATINNER JOIN TGFTOP TTP ON (CAB.CODTIPOPER = TTP.CODTIPOPER AND CAB.DHTIPOPER = TTP.DHALTER)INNER JOIN VGFCAB VCA ON VCA.NUNOTA = ITE.NUNOTAWHERE	    CAB.CODEMP IN :CODEMP	AND CAB.DTENTSAI BETWEEN :DTNEG.INI AND :DTNEG.FIN	AND CAB.TIPMOV IN ('V','E')	--AND (CASE WHEN CAB.TIPMOV ='C' THEN 'A' WHEN CAB.TIPMOV ='D' THEN CAB.STATUSNFE END ) = 'A'	AND CAB.STATUSNOTA ='L'	AND CODIMP IN (7) 	AND DIN.CODINC = 0	AND (DIN.CST IN :CST)	AND (CAB.NUNOTA = :P_NUNOTA)	)XGROUP BY X.NUNOTA, X.NUMNOTA, X.CODPROD, X.DESCRPROD, X.NCM, X.CODCFO , X.CODTRIB, X.CST, X.CODNAT, X.DESCRNAT, X.NATUREZAORDER BY CODPROD, PIS, COFINS   ]]></expression>
          <metadata>
            <field name="NUNOTA" label="Nro. Único" type="I" visible="true" useFooter="false"/>
            <field name="NUMNOTA" label="Nro. Nota" type="I" visible="true" useFooter="false"/>
            <field name="CODPROD" label="Cód. Prod" type="I" visible="true" useFooter="false"/>
            <field name="DESCRPROD" label="Produto" type="S" visible="true" useFooter="false"/>
            <field name="NCM" label="NCM" type="S" visible="true" useFooter="false"/>
            <field name="CODCFO" label="CFOP" type="I" visible="true" useFooter="false"/>
            <field name="CODTRIB" label="CST ICMS" type="I" visible="true" useFooter="false"/>
            <field name="CST" label="CST PIS/COFINS" type="I" visible="true" useFooter="false"/>
            <field name="QTDNEG" label="Qtd. Neg" type="F" visible="true" useFooter="SUM"/>
            <field name="VLRUNIT" label="Vlr. Unit" type="F" visible="true" useFooter="SUM" mask="#.##0,00;-n"/>
            <field name="VLRTOT" label="Vlr. Total" type="F" visible="true" useFooter="SUM" mask="#.##0,00;-n"/>
            <field name="BASEICMS" label="Base ICMS" type="I" visible="true" useFooter="SUM" mask="#.##0,00;-n"/>
            <field name="VLRICMS" label="Vlr. ICMS" type="I" visible="true" useFooter="SUM" mask="#.##0,00;-n"/>
            <field name="BASESUBSTIT" label="Base ST" type="I" visible="true" useFooter="SUM" mask="#.##0,00;-n"/>
            <field name="VLRSUBST" label="Vlr. ST" type="I" visible="true" useFooter="SUM" mask="#.##0,00;-n"/>
            <field name="BASE" label="Base" type="F" visible="true" useFooter="SUM" mask="#.##0,00;-n"/>
            <field name="ALIQPIS" label="Aliq. PIS" type="F" visible="true" useFooter="false"/>
            <field name="PIS" label="PIS" type="F" visible="true" useFooter="SUM" mask="#.##0,00;-n"/>
            <field name="ALIQCOFINS" label="Aliq. COFINS" type="F" visible="true" useFooter="false"/>
            <field name="COFINS" label="COFINS" type="F" visible="true" useFooter="SUM" mask="#.##0,00;-n"/>
            <field name="CODNAT" label="Cód. Nat" type="I" visible="true" useFooter="false"/>
            <field name="DESCRNAT" label="Natureza" type="S" visible="true" useFooter="false"/>
            <field name="NATUREZA" label="Nat. Rec. Isenta" type="I" visible="true" useFooter="false"/>
          </metadata>
        </grid>
      </container>
    </container>
  </level>
  <level id="lvl_1w1235" description="TOTALIZADORES">
    <container orientacao="V" tamanhoRelativo="100">
      <container orientacao="H" tamanhoRelativo="50">
        <container orientacao="V" tamanhoRelativo="50">
          <grid id="grd_1w1236" useNewGrid="S">
            <args>
              <arg id="NATCRED" type="text"/>
            </args>
            <title><![CDATA[Totalizador por CFOP]]></title>
            <expression type="sql" data-source="MGEDS"><![CDATA[SELECT 	 X.CODCFO AS CFOP	, SUM(X.VLRAT) AS VLRCONTABIL	, SUM(X.BASE) AS BASE	, SUM(X.PIS) AS PIS	, SUM(X.COFINS) AS COFINS	, X.MOVFROM (SELECT 	CAB.NUNOTA	, CAB.NUMNOTA	, CAB.CODPARC	, PAR.RAZAOSOCIAL	, CAB.TIPMOV	, CAB.CODTIPOPER	, SUM( ROUND(((ITE.VLRTOT - ITE.VLRDESC - ITE.VLRREPRED + ITE.VLRSUBST + ITE.VLRIPI)  * VCA.INDITENS),2)) AS VLRAT	, OPTION_LABEL('NATBCREED','TGFTOP',TTP.NATBCCRED) AS NATCRED	, ITE.CODCFO	, SUM(CASE WHEN DIN.BASERED = 0 THEN DIN.BASE ELSE DIN.BASERED END) AS BASE	, DIN.ALIQUOTA AS ALIQUOTAPIS	, 0 AS ALIQUOTACOFINS	, CASE WHEN  CAB.TIPMOV = 'D' THEN  SUM(DIN.VALOR) * -1 ELSE  SUM(DIN.VALOR)  END AS PIS	, 0 AS COFINS	, CASE          WHEN CAB.TIPMOV='I'  THEN 'Financeiro'          WHEN CAB.TIPMOV='V'  THEN 'Venda'          WHEN CAB.TIPMOV='G'  THEN 'Pagamento'         WHEN CAB.TIPMOV='Q'  THEN 'Requisição'         WHEN CAB.TIPMOV='R'  THEN 'Recebimento'         WHEN CAB.TIPMOV='C'  THEN 'Compra'         WHEN CAB.TIPMOV='T'  THEN 'Transferência'         WHEN CAB.TIPMOV='B'  THEN 'Movimento bancário'         WHEN CAB.TIPMOV='P'  THEN 'Pedido de Venda'         WHEN CAB.TIPMOV='O'  THEN 'Pedido de Compra'         WHEN CAB.TIPMOV='D'  THEN 'Devolução de venda'         WHEN CAB.TIPMOV='E'  THEN 'Devolução de compra'         WHEN CAB.TIPMOV='J'  THEN 'Pedido de Requisção'        END AS MOV	FROM TGFCAB CAB INNER JOIN TGFITE ITE ON CAB.NUNOTA = ITE.NUNOTA                INNER JOIN TGFDIN DIN ON ITE.NUNOTA = DIN.NUNOTA AND ITE.SEQUENCIA = DIN.SEQUENCIA				INNER JOIN TGFPAR PAR ON CAB.CODPARC = PAR.CODPARC				INNER JOIN TGFTOP TTP ON TTP.CODTIPOPER = CAB.CODTIPOPER AND TTP.DHALTER = CAB.DHTIPOPER				INNER JOIN VGFCAB VCA ON VCA.NUNOTA = ITE.NUNOTA				WHERE 	CAB.CODEMP IN :CODEMP	AND CAB.DTENTSAI BETWEEN :DTNEG.INI AND :DTNEG.FIN	AND CAB.TIPMOV IN ('D','V')	--AND (CASE WHEN CAB.TIPMOV ='C' THEN 'A' WHEN CAB.TIPMOV ='D' THEN CAB.STATUSNFE END ) = 'A'	AND CAB.STATUSNOTA ='L'	AND CODIMP IN (6) 	AND DIN.CODINC = 0	AND (DIN.CST IN :CST)    AND (CAB.NUNOTA = :NUNOTA OR :NUNOTA IS NULL)	GROUP BY 	CAB.NUNOTA, CAB.NUMNOTA, CAB.TIPMOV, CAB.CODPARC,PAR.RAZAOSOCIAL, DIN.CODIMP,DIN.ALIQUOTA, CAB.TIPMOV, TTP.NATBCCRED, CAB.CODTIPOPER, ITE.CODCFO	UNION ALLSELECT 	CAB.NUNOTA	, CAB.NUMNOTA	, CAB.CODPARC	, PAR.RAZAOSOCIAL	, CAB.TIPMOV	, CAB.CODTIPOPER	, 0 AS VLRAT	, OPTION_LABEL('NATBCREED','TGFTOP',TTP.NATBCCRED) AS NATCRED	, ITE.CODCFO	, 0 AS BASE	--, SUM(ISNULL(DIN.BASERED,DIN.BASE)) AS BASE	, 0 AS ALIQUOTAPIS	, DIN.ALIQUOTA AS ALIQUOTACOFINS	, 0 AS PIS	, CASE WHEN  CAB.TIPMOV = 'D' THEN  SUM(DIN.VALOR) * -1 ELSE  SUM(DIN.VALOR)  END AS COFINS	, CASE          WHEN CAB.TIPMOV='I'  THEN 'Financeiro'          WHEN CAB.TIPMOV='V'  THEN 'Venda'          WHEN CAB.TIPMOV='G'  THEN 'Pagamento'         WHEN CAB.TIPMOV='Q'  THEN 'Requisição'         WHEN CAB.TIPMOV='R'  THEN 'Recebimento'         WHEN CAB.TIPMOV='C'  THEN 'Compra'         WHEN CAB.TIPMOV='T'  THEN 'Transferência'         WHEN CAB.TIPMOV='B'  THEN 'Movimento bancário'         WHEN CAB.TIPMOV='P'  THEN 'Pedido de Venda'         WHEN CAB.TIPMOV='O'  THEN 'Pedido de Compra'         WHEN CAB.TIPMOV='D'  THEN 'Devolução de venda'         WHEN CAB.TIPMOV='E'  THEN 'Devolução de compra'         WHEN CAB.TIPMOV='J'  THEN 'Pedido de Requisção'        END AS MOV	FROM TGFCAB CAB INNER JOIN TGFITE ITE ON CAB.NUNOTA = ITE.NUNOTA                INNER JOIN TGFDIN DIN ON ITE.NUNOTA = DIN.NUNOTA AND ITE.SEQUENCIA = DIN.SEQUENCIA				INNER JOIN TGFPAR PAR ON CAB.CODPARC = PAR.CODPARC				INNER JOIN TGFTOP TTP ON TTP.CODTIPOPER = CAB.CODTIPOPER AND TTP.DHALTER = CAB.DHTIPOPER 				INNER JOIN VGFCAB VCA ON VCA.NUNOTA = ITE.NUNOTA				WHERE 	CAB.CODEMP IN :CODEMP	AND CAB.DTENTSAI BETWEEN :DTNEG.INI AND :DTNEG.FIN	AND CAB.TIPMOV IN ('D','V')	--AND (CASE WHEN CAB.TIPMOV ='C' THEN 'A' WHEN CAB.TIPMOV ='D' THEN CAB.STATUSNFE END ) = 'A'	AND CAB.STATUSNOTA ='L'	AND CODIMP IN (7) 	AND DIN.CODINC = 0	AND (DIN.CST IN :CST)    AND (CAB.NUNOTA = :NUNOTA OR :NUNOTA IS NULL)	GROUP BY 	CAB.NUNOTA, CAB.NUMNOTA, CAB.TIPMOV, CAB.CODPARC,PAR.RAZAOSOCIAL,  DIN.CODIMP,DIN.ALIQUOTA, CAB.TIPMOV, TTP.NATBCCRED, CAB.CODTIPOPER, ITE.CODCFO) XGROUP BY X.CODCFO, X.MOVORDER BY X.CODCFO]]></expression>
            <metadata>
              <field name="CFOP" label="CFOP" type="I" visible="true" useFooter="false"/>
              <field name="VLRCONTABIL" label="Vlr. Contábil" type="I" visible="true" useFooter="SUM" mask="#.##0,00;-n"/>
              <field name="BASE" label="Base de Cálculo" type="I" visible="true" useFooter="SUM" mask="#.##0,00;-n"/>
              <field name="PIS" label="Vlr. PIS" type="I" visible="true" useFooter="SUM" mask="#.##0,00;-n"/>
              <field name="COFINS" label="Vlr. COFINS" type="I" visible="true" useFooter="SUM" mask="#.##0,00;-n"/>
              <field name="MOV" label="Tipo Movimento" type="S" visible="true" useFooter="false"/>
            </metadata>
          </grid>
        </container>
        <container orientacao="V" tamanhoRelativo="50">
          <grid id="grd_aoutbr2" useNewGrid="S">
            <args>
              <arg id="NATCRED" type="text"/>
            </args>
            <title><![CDATA[Totalizador por Natureza de Crédito]]></title>
            <expression type="sql" data-source="MGEDS"><![CDATA[SELECT 	 CASE WHEN X.NATCRED IS NULL THEN 'Não toma crédito' ELSE X.NATCRED END AS NATCRED	, SUM(X.VLRAT) AS VLRCONTABIL	, SUM(X.BASE) AS BASE	, SUM(X.ALIQUOTAPIS) AS ALIQPIS	, SUM(X.PIS) AS PIS	, SUM(X.ALIQUOTACOFINS) AS ALIQCOFINS	, SUM(X.COFINS) AS COFINSFROM (SELECT 	CAB.NUNOTA	, CAB.NUMNOTA	, CAB.CODPARC	, PAR.RAZAOSOCIAL	, CAB.TIPMOV	, CAB.CODTIPOPER	, SUM( ROUND(((ITE.VLRTOT - ITE.VLRDESC - ITE.VLRREPRED + ITE.VLRSUBST + ITE.VLRIPI)  * VCA.INDITENS),2)) AS VLRAT	, OPTION_LABEL('NATBCREED','TGFTOP',TTP.NATBCCRED) AS NATCRED	, ITE.CODCFO	, SUM(CASE WHEN DIN.BASERED = 0 THEN DIN.BASE ELSE DIN.BASERED END) AS BASE	, DIN.ALIQUOTA AS ALIQUOTAPIS	, 0 AS ALIQUOTACOFINS	, SUM(DIN.VALOR) AS PIS	, 0 AS COFINS	, CASE          WHEN CAB.TIPMOV='I'  THEN 'Financeiro'          WHEN CAB.TIPMOV='V'  THEN 'Venda'          WHEN CAB.TIPMOV='G'  THEN 'Pagamento'         WHEN CAB.TIPMOV='Q'  THEN 'Requisição'         WHEN CAB.TIPMOV='R'  THEN 'Recebimento'         WHEN CAB.TIPMOV='C'  THEN 'Compra'         WHEN CAB.TIPMOV='T'  THEN 'Transferência'         WHEN CAB.TIPMOV='B'  THEN 'Movimento bancário'         WHEN CAB.TIPMOV='P'  THEN 'Pedido de Venda'         WHEN CAB.TIPMOV='O'  THEN 'Pedido de Compra'         WHEN CAB.TIPMOV='D'  THEN 'Devolução de venda'         WHEN CAB.TIPMOV='E'  THEN 'Devolução de compra'         WHEN CAB.TIPMOV='J'  THEN 'Pedido de Requisção'        END AS MOV	FROM TGFCAB CAB INNER JOIN TGFITE ITE ON CAB.NUNOTA = ITE.NUNOTA                INNER JOIN TGFDIN DIN ON ITE.NUNOTA = DIN.NUNOTA AND ITE.SEQUENCIA = DIN.SEQUENCIA				INNER JOIN TGFPAR PAR ON CAB.CODPARC = PAR.CODPARC				INNER JOIN TGFTOP TTP ON TTP.CODTIPOPER = CAB.CODTIPOPER AND TTP.DHALTER = CAB.DHTIPOPER				INNER JOIN VGFCAB VCA ON VCA.NUNOTA = ITE.NUNOTA				WHERE 	CAB.CODEMP IN :CODEMP	AND CAB.DTENTSAI BETWEEN :DTNEG.INI AND :DTNEG.FIN	AND CAB.TIPMOV = 'D'	--AND (CASE WHEN CAB.TIPMOV ='C' THEN 'A' WHEN CAB.TIPMOV ='D' THEN CAB.STATUSNFE END ) = 'A'	AND CAB.STATUSNOTA ='L'	AND CODIMP IN (6) 	AND DIN.CODINC = 0	AND (DIN.CST IN :CST)    AND (CAB.NUNOTA = :NUNOTA OR :NUNOTA IS NULL)	GROUP BY 	CAB.NUNOTA, CAB.NUMNOTA, CAB.TIPMOV, CAB.CODPARC,PAR.RAZAOSOCIAL, DIN.CODIMP,DIN.ALIQUOTA, CAB.TIPMOV, TTP.NATBCCRED, CAB.CODTIPOPER, ITE.CODCFO	UNION ALLSELECT 	CAB.NUNOTA	, CAB.NUMNOTA	, CAB.CODPARC	, PAR.RAZAOSOCIAL	, CAB.TIPMOV	, CAB.CODTIPOPER	, 0 AS VLRAT	, OPTION_LABEL('NATBCREED','TGFTOP',TTP.NATBCCRED) AS NATCRED	, ITE.CODCFO	, 0 AS BASE	--, SUM(ISNULL(DIN.BASERED,DIN.BASE)) AS BASE	, 0 AS ALIQUOTAPIS	, DIN.ALIQUOTA AS ALIQUOTACOFINS	, 0 AS PIS	, SUM(DIN.VALOR) AS COFINS	, CASE          WHEN CAB.TIPMOV='I'  THEN 'Financeiro'          WHEN CAB.TIPMOV='V'  THEN 'Venda'          WHEN CAB.TIPMOV='G'  THEN 'Pagamento'         WHEN CAB.TIPMOV='Q'  THEN 'Requisição'         WHEN CAB.TIPMOV='R'  THEN 'Recebimento'         WHEN CAB.TIPMOV='C'  THEN 'Compra'         WHEN CAB.TIPMOV='T'  THEN 'Transferência'         WHEN CAB.TIPMOV='B'  THEN 'Movimento bancário'         WHEN CAB.TIPMOV='P'  THEN 'Pedido de Venda'         WHEN CAB.TIPMOV='O'  THEN 'Pedido de Compra'         WHEN CAB.TIPMOV='D'  THEN 'Devolução de venda'         WHEN CAB.TIPMOV='E'  THEN 'Devolução de compra'         WHEN CAB.TIPMOV='J'  THEN 'Pedido de Requisção'        END AS MOV	FROM TGFCAB CAB INNER JOIN TGFITE ITE ON CAB.NUNOTA = ITE.NUNOTA                INNER JOIN TGFDIN DIN ON ITE.NUNOTA = DIN.NUNOTA AND ITE.SEQUENCIA = DIN.SEQUENCIA				INNER JOIN TGFPAR PAR ON CAB.CODPARC = PAR.CODPARC				INNER JOIN TGFTOP TTP ON TTP.CODTIPOPER = CAB.CODTIPOPER AND TTP.DHALTER = CAB.DHTIPOPER 				INNER JOIN VGFCAB VCA ON VCA.NUNOTA = ITE.NUNOTA				WHERE 	CAB.CODEMP IN :CODEMP	AND CAB.DTENTSAI BETWEEN :DTNEG.INI AND :DTNEG.FIN	AND CAB.TIPMOV = 'D'	--AND (CASE WHEN CAB.TIPMOV ='C' THEN 'A' WHEN CAB.TIPMOV ='D' THEN CAB.STATUSNFE END ) = 'A'	AND CAB.STATUSNOTA ='L'	AND CODIMP IN (7) 	AND DIN.CODINC = 0	AND (DIN.CST IN :CST)   AND (CAB.NUNOTA = :NUNOTA OR :NUNOTA IS NULL)	GROUP BY 	CAB.NUNOTA, CAB.NUMNOTA, CAB.TIPMOV, CAB.CODPARC,PAR.RAZAOSOCIAL,  DIN.CODIMP,DIN.ALIQUOTA, CAB.TIPMOV, TTP.NATBCCRED, CAB.CODTIPOPER, ITE.CODCFO) XGROUP BY 	 X.NATCREDORDER BY X.NATCRED]]></expression>
            <metadata>
              <field name="NATCRED" label="Natureza de Crédito" type="S" visible="true" useFooter="false"/>
              <field name="VLRCONTABIL" label="Vlr. Contábil" type="I" visible="true" useFooter="SUM" mask="#.##0,00;-n"/>
              <field name="BASE" label="Base" type="I" visible="true" useFooter="SUM" mask="#.##0,00;-n"/>
              <field name="ALIQPIS" label="Vlr. PIS" type="I" visible="false" useFooter="false"/>
              <field name="PIS" label="Vlr. PIS" type="I" visible="true" useFooter="SUM" mask="#.##0,00;-n"/>
              <field name="ALIQCOFINS" label="ALIQCOFINS" type="I" visible="false" useFooter="false"/>
              <field name="COFINS" label="Vlr. COFINS" type="I" visible="true" useFooter="SUM" mask="#.##0,00;-n"/>
            </metadata>
            <refresh-details ui-list="grd_ao502gc">
              <param id="NATCRED">$NATCRED</param>
            </refresh-details>
          </grid>
        </container>
      </container>
      <container orientacao="H" tamanhoRelativo="50">
        <container orientacao="V" tamanhoRelativo="50">
          <container orientacao="V" tamanhoRelativo="50">
            <simple-value id="svl_ao502kd">
              <expression type="sql" data-source="MGEDS"><![CDATA[SELECT         'E' AS FLAGFROM DUAL]]></expression>
              <metadata>
                <field name="FLAG" label="FLAG" type="S" visible="true" useFooter="false"/>
              </metadata>
              <value-expression><![CDATA[<span style='color: #0000FF;'><div style='text-align: left;'>Entradas - Detalhes</div></span>]]></value-expression>
              <on-click navigate-to="lvl_ao502k2">
                <param id="FLAG">$FLAG</param>
              </on-click>
            </simple-value>
          </container>
          <container orientacao="V" tamanhoRelativo="50">
            <simple-value id="svl_ao502n0">
              <expression type="sql" data-source="MGEDS"><![CDATA[SELECT         'S' AS FLAGFROM DUAL]]></expression>
              <metadata>
                <field name="FLAG" label="FLAG" type="S" visible="true" useFooter="false"/>
              </metadata>
              <value-expression><![CDATA[<span style='color: #0000FF;'><div style='text-align: left;'>Saídas - Detalhes</div></span>]]></value-expression>
              <on-click navigate-to="lvl_ao502k2">
                <param id="FLAG">$FLAG</param>
              </on-click>
            </simple-value>
          </container>
        </container>
        <container orientacao="V" tamanhoRelativo="50">
          <grid id="grd_ao502gc" useNewGrid="S">
            <args>
              <arg id="NATCRED" type="text"/>
            </args>
            <title><![CDATA[Detalhamento Natureza da Base de Crédito]]></title>
            <expression type="sql" data-source="MGEDS"><![CDATA[SELECT CASE WHEN X.NATCRED IS NULL THEN 'Não toma crédito' ELSE X.NATCRED END AS NATCRED       , X. CODCFO	  , X.CST        , SUM(X.BASE) AS BASE       , SUM(X.PIS) AS PIS       , SUM(X.COFINS) AS COFINS  FROM (SELECT 	 OPTION_LABEL('NATBCREED','TGFTOP',TTP.NATBCCRED) AS NATCRED	, ITE.CODCFO	, SUM(CASE WHEN DIN.BASERED = 0 THEN DIN.BASE ELSE DIN.BASERED END) AS BASE	, DIN.ALIQUOTA AS ALIQUOTAPIS	, 0 AS ALIQUOTACOFINS	, SUM(DIN.VALOR) AS PIS	, 0 AS COFINS	, DIN.CST	FROM TGFCAB CAB INNER JOIN TGFITE ITE ON CAB.NUNOTA = ITE.NUNOTA                INNER JOIN TGFDIN DIN ON ITE.NUNOTA = DIN.NUNOTA AND ITE.SEQUENCIA = DIN.SEQUENCIA				INNER JOIN TGFPAR PAR ON CAB.CODPARC = PAR.CODPARC				INNER JOIN TGFTOP TTP ON TTP.CODTIPOPER = CAB.CODTIPOPER AND TTP.DHALTER = CAB.DHTIPOPER				INNER JOIN VGFCAB VCA ON VCA.NUNOTA = ITE.NUNOTA				WHERE 	CAB.CODEMP IN :CODEMP	AND CAB.DTENTSAI BETWEEN :DTNEG.INI AND :DTNEG.FIN	AND CAB.TIPMOV = 'D'	--AND (CASE WHEN CAB.TIPMOV ='C' THEN 'A' WHEN CAB.TIPMOV ='D' THEN CAB.STATUSNFE END ) = 'A'	AND CAB.STATUSNOTA ='L'	AND CODIMP IN (6) 	AND DIN.CODINC = 0	AND (DIN.CST IN :CST)      AND (CAB.NUNOTA = :NUNOTA OR :NUNOTA IS NULL)	GROUP BY 	 DIN.ALIQUOTA, TTP.NATBCCRED, ITE.CODCFO, DIN.CST	UNION ALLSELECT 	 OPTION_LABEL('NATBCREED','TGFTOP',TTP.NATBCCRED) AS NATCRED	, ITE.CODCFO	, 0 AS BASE	--, SUM(ISNULL(DIN.BASERED,DIN.BASE)) AS BASE	, 0 AS ALIQUOTAPIS	, DIN.ALIQUOTA AS ALIQUOTACOFINS	, 0 AS PIS	, SUM(DIN.VALOR) AS COFINS	, DIN.CST	FROM TGFCAB CAB INNER JOIN TGFITE ITE ON CAB.NUNOTA = ITE.NUNOTA                INNER JOIN TGFDIN DIN ON ITE.NUNOTA = DIN.NUNOTA AND ITE.SEQUENCIA = DIN.SEQUENCIA				INNER JOIN TGFPAR PAR ON CAB.CODPARC = PAR.CODPARC				INNER JOIN TGFTOP TTP ON TTP.CODTIPOPER = CAB.CODTIPOPER AND TTP.DHALTER = CAB.DHTIPOPER 				INNER JOIN VGFCAB VCA ON VCA.NUNOTA = ITE.NUNOTA				WHERE 	CAB.CODEMP IN :CODEMP	AND CAB.DTENTSAI BETWEEN :DTNEG.INI AND :DTNEG.FIN	AND CAB.TIPMOV = 'D'	--AND (CASE WHEN CAB.TIPMOV ='C' THEN 'A' WHEN CAB.TIPMOV ='D' THEN CAB.STATUSNFE END ) = 'A'	AND CAB.STATUSNOTA ='L'	AND CODIMP IN (7) 	AND DIN.CODINC = 0	AND (DIN.CST IN :CST)      AND (CAB.NUNOTA = :NUNOTA OR :NUNOTA IS NULL)	GROUP BY 	 DIN.ALIQUOTA, TTP.NATBCCRED, ITE.CODCFO, DIN.CST) XWHERE CASE WHEN X.NATCRED IS NULL THEN 'Não toma crédito' ELSE X.NATCRED END = :NATCREDGROUP BY X.NATCRED, X.CODCFO, X.CSTORDER BY  X.CODCFO, X.CST]]></expression>
            <metadata>
              <field name="NATCRED" label="Natureza de Crédito" type="S" visible="true" useFooter="false"/>
              <field name="CODCFO" label="CFOP" type="I" visible="true" useFooter="false"/>
              <field name="CST" label="CST" type="I" visible="true" useFooter="false"/>
              <field name="BASE" label="Base" type="I" visible="true" useFooter="SUM" mask="#.##0,00;-n"/>
              <field name="PIS" label="PIS" type="I" visible="true" useFooter="SUM" mask="#.##0,00;-n"/>
              <field name="COFINS" label="COFINS" type="I" visible="true" useFooter="SUM" mask="#.##0,00;-n"/>
            </metadata>
          </grid>
        </container>
      </container>
    </container>
  </level>
  <level id="lvl_ao502k2" description="Detalhamentos">
    <args>
      <arg id="FLAG" type="text"/>
    </args>
    <container orientacao="V" tamanhoRelativo="100">
      <grid id="grd_ao502k3" multiplaSelecao="S" useNewGrid="S">
        <expression type="sql" data-source="MGEDS"><![CDATA[SELECT X.NUNOTA, X.NUMNOTA, X.CODPROD, X.DESCRPROD, X.CONTROLE, X.NCM, X.CODCFO , X.CODTRIB, X.CST, SUM(X.QTDNEG) AS QTDNEG, SUM(X.VLRUNIT) AS VLRUNIT, SUM(X.VLRAT) AS VLRAT, SUM(X.BASEICMS) AS BASEICMS, SUM(X.VLRICMS) AS VLRICMS, SUM(X.BASESUBSTIT) AS BASESUBSTIT, SUM(X.VLRSUBST) AS VLRSUBST, SUM(X.BASEIPI) AS BASEIPI, SUM(X.VLRIPI) AS VLRIPI, SUM(X.BASE) AS BASE, SUM(ALIQPIS) ALIQPIS, SUM(PIS) AS PIS, SUM(ALIQCOFINS) AS ALIQCOFINS, SUM(COFINS) AS COFINS,X.CODNAT, X.DESCRNAT,X.NATUREZAFROM (SELECT CAB.NUNOTA, CAB.NUMNOTA, ITE.CODPROD, PRO.DESCRPROD, ITE.CONTROLE, PRO.NCM, ITE.CODCFO , ITE.CODTRIB, DIN.CST, ITE.QTDNEG, ITE.VLRUNIT, ROUND(((ITE.VLRTOT - ITE.VLRDESC - ITE.VLRREPRED + ITE.VLRSUBST + ITE.VLRIPI)  * VCA.INDITENS),2) AS VLRAT, ITE.BASEICMS, ITE.VLRICMS, ITE.BASESUBSTIT, ITE.VLRSUBST, ITE.BASEIPI, ITE.VLRIPI, CASE WHEN DIN.BASERED = 0 THEN DIN.BASE ELSE DIN.BASERED END AS BASE, DIN.ALIQUOTA AS ALIQPIS, DIN.VALOR AS PIS, 0 AS ALIQCOFINS, 0 AS COFINS, CAB.CODNAT, NAT.DESCRNAT, CASE WHEN TTP.NATEFDCONTM410M810 IS NOT NULL THEN TTP.NATEFDCONTM410M810 ELSE PRO.NATEFDCONTM410M810 END AS NATUREZAFROM TGFCAB CAB INNER JOIN TGFITE ITE ON CAB.NUNOTA = ITE.NUNOTAINNER JOIN TGFDIN DIN ON ITE.NUNOTA = DIN.NUNOTA AND DIN.SEQUENCIA = ITE.SEQUENCIAINNER JOIN TGFPRO PRO ON ITE.CODPROD = PRO.CODPRODINNER JOIN TGFNAT NAT ON NAT.CODNAT = CAB.CODNATINNER JOIN TGFTOP TTP ON (CAB.CODTIPOPER = TTP.CODTIPOPER AND CAB.DHTIPOPER = TTP.DHALTER)INNER JOIN VGFCAB VCA ON VCA.NUNOTA = ITE.NUNOTAWHERE	CAB.CODEMP IN :CODEMP	AND CAB.DTENTSAI BETWEEN :DTNEG.INI AND :DTNEG.FIN	AND CAB.TIPMOV = 'D'	--AND (CASE WHEN CAB.TIPMOV ='C' THEN 'A' WHEN CAB.TIPMOV ='D' THEN CAB.STATUSNFE END ) = 'A'	AND CAB.STATUSNOTA ='L'	AND CODIMP IN (6) 	AND DIN.CODINC = 0	AND (DIN.CST IN :CST)	AND (CAB.NUNOTA = :NUNOTA OR :NUNOTA IS NULL)	AND :FLAG = 'E'UNION ALL SELECT CAB.NUNOTA, CAB.NUMNOTA,ITE.CODPROD, PRO.DESCRPROD, ITE.CONTROLE, PRO.NCM, ITE.CODCFO , ITE.CODTRIB, DIN.CST, 0 AS QTDNEG, 0 AS VLRUNIT, 0 AS VLRAT, 0 AS BASEICMS , 0 AS VLRICMS, 0 AS BASESUBSTIT, 0 AS VLRSUBST, 0 AS BASEIPI, 0 AS VLRIPI, 0 AS BASE, 0 AS ALIQPIS, 0 AS PIS, DIN.ALIQUOTA AS ALIQCOFINS, DIN.VALOR AS COFINS, CAB.CODNAT, NAT.DESCRNAT, CASE WHEN TTP.NATEFDCONTM410M810 IS NOT NULL THEN TTP.NATEFDCONTM410M810 ELSE PRO.NATEFDCONTM410M810 END AS NATUREZAFROM TGFCAB CAB INNER JOIN TGFITE ITE ON CAB.NUNOTA = ITE.NUNOTAINNER JOIN TGFDIN DIN ON ITE.NUNOTA = DIN.NUNOTA AND DIN.SEQUENCIA = ITE.SEQUENCIAINNER JOIN TGFPRO PRO ON ITE.CODPROD = PRO.CODPRODINNER JOIN TGFNAT NAT ON NAT.CODNAT = CAB.CODNATINNER JOIN TGFTOP TTP ON (CAB.CODTIPOPER = TTP.CODTIPOPER AND CAB.DHTIPOPER = TTP.DHALTER)INNER JOIN VGFCAB VCA ON VCA.NUNOTA = ITE.NUNOTAWHERE	    CAB.CODEMP IN :CODEMP	AND CAB.DTENTSAI BETWEEN :DTNEG.INI AND :DTNEG.FIN	AND CAB.TIPMOV = 'D'	--AND (CASE WHEN CAB.TIPMOV ='C' THEN 'A' WHEN CAB.TIPMOV ='D' THEN CAB.STATUSNFE END ) = 'A'	AND CAB.STATUSNOTA ='L'	AND CODIMP IN (7) 	AND DIN.CODINC = 0	AND (DIN.CST IN :CST)	AND (CAB.NUNOTA = :NUNOTA OR :NUNOTA IS NULL)	AND :FLAG = 'E'		UNION ALLSELECT CAB.NUNOTA, CAB.NUMNOTA, ITE.CODPROD, PRO.DESCRPROD, ITE.CONTROLE, PRO.NCM, ITE.CODCFO, ITE.CODTRIB, DIN.CST, ITE.QTDNEG, ITE.VLRUNIT, ROUND(((ITE.VLRTOT - ITE.VLRDESC - ITE.VLRREPRED + ITE.VLRSUBST + ITE.VLRIPI)  * VCA.INDITENS),2) AS VLRAT, ITE.BASEICMS, ITE.VLRICMS, ITE.BASESUBSTIT, ITE.VLRSUBST, ITE.BASEIPI, ITE.VLRIPI, CASE WHEN DIN.BASERED = 0 THEN DIN.BASE ELSE DIN.BASERED END AS BASE, DIN.ALIQUOTA AS ALIQPIS, DIN.VALOR AS PIS, 0 AS ALIQCOFINS, 0 AS COFINS, CAB.CODNAT, NAT.DESCRNAT, CASE WHEN TTP.NATEFDCONTM410M810 IS NOT NULL THEN TTP.NATEFDCONTM410M810 ELSE PRO.NATEFDCONTM410M810 END AS NATUREZAFROM TGFCAB CAB INNER JOIN TGFITE ITE ON CAB.NUNOTA = ITE.NUNOTAINNER JOIN TGFDIN DIN ON ITE.NUNOTA = DIN.NUNOTA AND DIN.SEQUENCIA = ITE.SEQUENCIAINNER JOIN TGFPRO PRO ON ITE.CODPROD = PRO.CODPRODINNER JOIN TGFNAT NAT ON NAT.CODNAT = CAB.CODNATINNER JOIN TGFTOP TTP ON (CAB.CODTIPOPER = TTP.CODTIPOPER AND CAB.DHTIPOPER = TTP.DHALTER)INNER JOIN VGFCAB VCA ON VCA.NUNOTA = ITE.NUNOTAWHERE	CAB.CODEMP IN :CODEMP	AND CAB.DTENTSAI BETWEEN :DTNEG.INI AND :DTNEG.FIN	AND CAB.TIPMOV = 'V'	--AND (CASE WHEN CAB.TIPMOV ='C' THEN 'A' WHEN CAB.TIPMOV ='D' THEN CAB.STATUSNFE END ) = 'A'	AND CAB.STATUSNOTA ='L'	AND CODIMP IN (6) 	AND DIN.CODINC = 0	AND (DIN.CST IN :CST)	AND (CAB.NUNOTA = :NUNOTA OR :NUNOTA IS NULL)	AND :FLAG = 'S'UNION ALL SELECT CAB.NUNOTA, CAB.NUMNOTA, ITE.CODPROD, PRO.DESCRPROD, ITE.CONTROLE, PRO.NCM, ITE.CODCFO , ITE.CODTRIB, DIN.CST, 0 AS QTDNEG, 0 AS VLRUNIT, 0 AS VLRAT, 0 AS BASEICMS, 0 AS VLRICMS, 0 AS BASESUBSTIT, 0 AS VLRSUBST, 0 AS BASEIPI, 0 AS VLRIPI, 0 AS BASE, 0 AS ALIQPIS, 0 AS PIS, DIN.ALIQUOTA AS ALIQCOFINS, DIN.VALOR AS COFINS, CAB.CODNAT, NAT.DESCRNAT, CASE WHEN TTP.NATEFDCONTM410M810 IS NOT NULL THEN TTP.NATEFDCONTM410M810 ELSE PRO.NATEFDCONTM410M810 END AS NATUREZAFROM TGFCAB CAB INNER JOIN TGFITE ITE ON CAB.NUNOTA = ITE.NUNOTAINNER JOIN TGFDIN DIN ON ITE.NUNOTA = DIN.NUNOTA AND DIN.SEQUENCIA = ITE.SEQUENCIAINNER JOIN TGFPRO PRO ON ITE.CODPROD = PRO.CODPRODINNER JOIN TGFNAT NAT ON NAT.CODNAT = CAB.CODNATINNER JOIN TGFTOP TTP ON (CAB.CODTIPOPER = TTP.CODTIPOPER AND CAB.DHTIPOPER = TTP.DHALTER)INNER JOIN VGFCAB VCA ON VCA.NUNOTA = ITE.NUNOTAWHERE	    CAB.CODEMP IN :CODEMP	AND CAB.DTENTSAI BETWEEN :DTNEG.INI AND :DTNEG.FIN	AND CAB.TIPMOV = 'V'	--AND (CASE WHEN CAB.TIPMOV ='C' THEN 'A' WHEN CAB.TIPMOV ='D' THEN CAB.STATUSNFE END ) = 'A'	AND CAB.STATUSNOTA ='L'	AND CODIMP IN (7) 	AND DIN.CODINC = 0	AND (DIN.CST IN :CST)	AND (CAB.NUNOTA = :NUNOTA OR :NUNOTA IS NULL)	AND :FLAG = 'S')XGROUP BY X.NUNOTA, X.NUMNOTA, X.CODPROD, X.DESCRPROD, X.CONTROLE, X.NCM, X.CODCFO, X.CODTRIB, X.CST, X.CODNAT, X.DESCRNAT, X.NATUREZAORDER BY CODPROD, PIS, COFINS   ]]></expression>
        <metadata>
          <field name="NUNOTA" label="Nr. Único" type="I" visible="true" useFooter="false"/>
          <field name="NUMNOTA" label="Nr. Nota" type="I" visible="true" useFooter="false"/>
          <field name="CODPROD" label="Cód. Produto" type="I" visible="true" useFooter="false"/>
          <field name="DESCRPROD" label="Produto" type="S" visible="true" useFooter="false"/>
          <field name="CONTROLE" label="CONTROLE" type="S" visible="true" useFooter="false"/>
          <field name="NCM" label="NCM" type="S" visible="true" useFooter="false"/>
          <field name="CODCFO" label="CFOP" type="I" visible="true" useFooter="false"/>
          <field name="CODTRIB" label="CST ICMS" type="I" visible="true" useFooter="false"/>
          <field name="CST" label="CST PIS/COFINS" type="I" visible="true" useFooter="false"/>
          <field name="QTDNEG" label="Qtd. Neg" type="I" visible="true" useFooter="false"/>
          <field name="VLRUNIT" label="Vlr. Unit" type="C" visible="true" useFooter="SUM" mask="#.##0,00;-n"/>
          <field name="VLRAT" label="Vlr. Total Prod." type="C" visible="true" useFooter="SUM" mask="#.##0,00;-n"/>
          <field name="BASEICMS" label="Base ICMS" type="C" visible="true" useFooter="SUM" mask="#.##0,00;-n"/>
          <field name="VLRICMS" label="Vlr. ICMS" type="C" visible="true" useFooter="SUM" mask="#.##0,00;-n"/>
          <field name="BASESUBSTIT" label="Base ST" type="C" visible="true" useFooter="SUM" mask="#.##0,00;-n"/>
          <field name="VLRSUBST" label="Vlr. ST" type="C" visible="true" useFooter="SUM" mask="#.##0,00;-n"/>
          <field name="BASEIPI" label="Base IPI" type="C" visible="true" useFooter="SUM" mask="#.##0,00;-n"/>
          <field name="VLRIPI" label="Vlr. IPI" type="C" visible="true" useFooter="SUM" mask="#.##0,00;-n"/>
          <field name="BASE" label="Base" type="C" visible="true" useFooter="SUM" mask="#.##0,00;-n"/>
          <field name="ALIQPIS" label="Aliq. PIS" type="I" visible="true" useFooter="false"/>
          <field name="PIS" label="PIS" type="C" visible="true" useFooter="SUM" mask="#.##0,00;-n"/>
          <field name="ALIQCOFINS" label="Aliq. COFINS" type="I" visible="true" useFooter="false"/>
          <field name="COFINS" label="COFINS" type="C" visible="true" useFooter="SUM" mask="#.##0,00;-n"/>
          <field name="CODNAT" label="Cód. Natureza" type="I" visible="true" useFooter="false"/>
          <field name="DESCRNAT" label="Natureza" type="S" visible="true" useFooter="false"/>
          <field name="NATUREZA" label="Nat. Rec. Isenta" type="I" visible="true" useFooter="false"/>
        </metadata>
      </grid>
    </container>
  </level>
</gadget>