<gadget>
  <prompt-parameters>
    <parameter id="P_PERIODO" description="Periodo" metadata="datePeriod" required="true" keep-last="true" keep-date="false" order="0"/>
    <parameter id="P_CUSTO" description="Tipo do Custo" metadata="singleList:Text" listType="text" required="true" keep-last="true" keep-date="false" order="1">
      <item value="0" label="Custo de Reposição"/>
      <item value="1" label="Custo Gerencial"/>
      <item value="2" label="Custo Variavel"/>
      <item value="3" label="Custo Méido sem Icms"/>
      <item value="4" label="Custo Médio com Icms"/>
    </parameter>
  </prompt-parameters>
  <level id="lvl_74sn02" description="Principal">
    <container orientacao="V" tamanhoRelativo="100">
      <container orientacao="V" tamanhoRelativo="261">
        <grid id="grd_a7jf8r" useNewGrid="S">
          <title><![CDATA[Por Uso do Produto]]></title>
          <expression type="sql" data-source="MGEDS"><![CDATA[SELECT
Z.DTCONTAGEM
, Z.USOPROD
, SUM(CUSTO_TOT) AS VALOR
FROM    
    (SELECT 
        CTE.DTCONTAGEM
        , CTE.CODEMP
        , CTE.CODLOCAL
        , GRU.CODGRUPOPROD
        , GRU.DESCRGRUPOPROD
        , OPTION_LABEL('TGFPRO', 'USOPROD', PRO.USOPROD) AS USOPROD
        , CTE.CODPROD
        , PRO.DESCRPROD
        , CTE.QTDEST
        , COALESCE(SQA_OBTEMCUSTO(CTE.CODPROD, (SELECT LOGICO FROM TSIPAR WHERE CHAVE = 'CUSTOPOREMP'), CTE.CODEMP, (SELECT LOGICO FROM TSIPAR WHERE CHAVE = 'CUSTOPORLOC'), CTE.CODLOCAL
        , (SELECT LOGICO FROM TSIPAR WHERE CHAVE = 'CUSTOPORCONT'), CTE.CONTROLE, CTE.DTCONTAGEM, :P_CUSTO),0) AS CUS_UNIT
        , COALESCE(SQA_OBTEMCUSTO(CTE.CODPROD, (SELECT LOGICO FROM TSIPAR WHERE CHAVE = 'CUSTOPOREMP'), CTE.CODEMP, (SELECT LOGICO FROM TSIPAR WHERE CHAVE = 'CUSTOPORLOC'), CTE.CODLOCAL
        , (SELECT LOGICO FROM TSIPAR WHERE CHAVE = 'CUSTOPORCONT'), CTE.CONTROLE, CTE.DTCONTAGEM, :P_CUSTO) * (CTE.QTDEST) ,0) AS CUSTO_TOT
    
    FROM TGFCTE CTE
    INNER JOIN TGFPRO PRO ON PRO.CODPROD = CTE.CODPROD
    INNER JOIN TGFGRU GRU ON PRO.CODGRUPOPROD = GRU.CODGRUPOPROD
    
    WHERE CTE.DTCONTAGEM = (SELECT MAX(DTCONTAGEM) FROM TGFCTE WHERE DTCONTAGEM <= :P_PERIODO.FIN)
    AND CTE.QTDEST <> 0
    )Z
    
GROUP BY
Z.DTCONTAGEM
, Z.USOPROD

HAVING SUM(CUSTO_TOT) <> 0

ORDER BY 3 DESC]]></expression>
          <metadata>
            <field name="DTCONTAGEM" label="Dt. Contagem" type="D" visible="true" useFooter="false"/>
            <field name="USOPROD" label="Uso Produto" type="S" visible="true" useFooter="false"/>
            <field name="VALOR" label="Valor" type="F" visible="true" useFooter="null" mask="#.##0,00;(n)"/>
          </metadata>
          <on-click navigate-to="lvl_74sn02"/>
          <refresh-details ui-list="grd_74sn03">
            <param id="A_USOPROD">$USOPROD</param>
          </refresh-details>
        </grid>
      </container>
      <container orientacao="H" tamanhoRelativo="691">
        <container orientacao="V" tamanhoRelativo="50">
          <grid id="grd_74sn03" useNewGrid="S">
            <args>
              <arg id="A_USOPROD" type="text"/>
            </args>
            <title><![CDATA[Por Grupo de Produto]]></title>
            <expression type="sql" data-source="MGEDS"><![CDATA[SELECT
Z.DTCONTAGEM
, Z.USOPROD
, Z.CODGRUPOPROD
, Z.DESCRGRUPOPROD
, SUM(CUSTO_TOT) AS VALOR
FROM    
    (SELECT 
        CTE.DTCONTAGEM
        , CTE.CODEMP
        , CTE.CODLOCAL
        , GRU.CODGRUPOPROD
        , GRU.DESCRGRUPOPROD
        , OPTION_LABEL('TGFPRO', 'USOPROD', PRO.USOPROD) AS USOPROD
        , CTE.CODPROD
        , PRO.DESCRPROD
        , CTE.QTDEST
        , COALESCE(SQA_OBTEMCUSTO(CTE.CODPROD, (SELECT LOGICO FROM TSIPAR WHERE CHAVE = 'CUSTOPOREMP'), CTE.CODEMP, (SELECT LOGICO FROM TSIPAR WHERE CHAVE = 'CUSTOPORLOC'), CTE.CODLOCAL
        , (SELECT LOGICO FROM TSIPAR WHERE CHAVE = 'CUSTOPORCONT'), CTE.CONTROLE, CTE.DTCONTAGEM, :P_CUSTO),0) AS CUS_UNIT
        , COALESCE(SQA_OBTEMCUSTO(CTE.CODPROD, (SELECT LOGICO FROM TSIPAR WHERE CHAVE = 'CUSTOPOREMP'), CTE.CODEMP, (SELECT LOGICO FROM TSIPAR WHERE CHAVE = 'CUSTOPORLOC'), CTE.CODLOCAL
        , (SELECT LOGICO FROM TSIPAR WHERE CHAVE = 'CUSTOPORCONT'), CTE.CONTROLE, CTE.DTCONTAGEM, :P_CUSTO) * (CTE.QTDEST) ,0) AS CUSTO_TOT
    
    FROM TGFCTE CTE
    INNER JOIN TGFPRO PRO ON PRO.CODPROD = CTE.CODPROD
    INNER JOIN TGFGRU GRU ON PRO.CODGRUPOPROD = GRU.CODGRUPOPROD
    
    WHERE CTE.DTCONTAGEM = (SELECT MAX(DTCONTAGEM) FROM TGFCTE WHERE DTCONTAGEM <= :P_PERIODO.FIN)
    AND CTE.QTDEST <> 0
    )Z
    
WHERE Z.USOPROD = :A_USOPROD
    
GROUP BY
Z.DTCONTAGEM
, Z.USOPROD
, Z.CODGRUPOPROD
, Z.DESCRGRUPOPROD

ORDER BY 5 DESC]]></expression>
            <metadata>
              <field name="DTCONTAGEM" label="Dt. Contagem" type="D" visible="false" useFooter="false"/>
              <field name="USOPROD" label="Uso Produto" type="S" visible="false" useFooter="false"/>
              <field name="CODGRUPOPROD" label="Cód. Grupo" type="I" visible="true" useFooter="false"/>
              <field name="DESCRGRUPOPROD" label="Grupo" type="S" visible="true" useFooter="false"/>
              <field name="VALOR" label="Valor" type="F" visible="true" useFooter="SUM" mask="#.##0,00;(n)"/>
            </metadata>
            <on-click navigate-to="lvl_74sn02"/>
            <refresh-details ui-list="grd_a7jf8z">
              <param id="A_CODGRUPOPROD">$CODGRUPOPROD</param>
              <param id="A_USOPROD">$USOPROD</param>
            </refresh-details>
          </grid>
        </container>
        <container orientacao="V" tamanhoRelativo="50">
          <grid id="grd_a7jf8z" useNewGrid="S">
            <args>
              <arg id="A_CODGRUPOPROD" type="integer"/>
              <arg id="A_USOPROD" type="text"/>
            </args>
            <title><![CDATA[Por Produto]]></title>
            <expression type="sql" data-source="MGEDS"><![CDATA[SELECT
Z.DTCONTAGEM
, Z.CODPROD
, Z.DESCRPROD
, SUM(CUSTO_TOT) AS VALOR
FROM    
    (SELECT 
        CTE.DTCONTAGEM
        , CTE.CODEMP
        , CTE.CODLOCAL
        , GRU.CODGRUPOPROD
        , GRU.DESCRGRUPOPROD
        , OPTION_LABEL('TGFPRO', 'USOPROD', PRO.USOPROD) AS USOPROD
        , CTE.CODPROD
        , PRO.DESCRPROD
        , CTE.QTDEST
        , COALESCE(SQA_OBTEMCUSTO(CTE.CODPROD, (SELECT LOGICO FROM TSIPAR WHERE CHAVE = 'CUSTOPOREMP'), CTE.CODEMP, (SELECT LOGICO FROM TSIPAR WHERE CHAVE = 'CUSTOPORLOC'), CTE.CODLOCAL
        , (SELECT LOGICO FROM TSIPAR WHERE CHAVE = 'CUSTOPORCONT'), CTE.CONTROLE, CTE.DTCONTAGEM, 3),:P_CUSTO) AS CUS_UNIT
        , COALESCE(SQA_OBTEMCUSTO(CTE.CODPROD, (SELECT LOGICO FROM TSIPAR WHERE CHAVE = 'CUSTOPOREMP'), CTE.CODEMP, (SELECT LOGICO FROM TSIPAR WHERE CHAVE = 'CUSTOPORLOC'), CTE.CODLOCAL
        , (SELECT LOGICO FROM TSIPAR WHERE CHAVE = 'CUSTOPORCONT'), CTE.CONTROLE, CTE.DTCONTAGEM, :P_CUSTO) * (CTE.QTDEST) ,0) AS CUSTO_TOT
    
    FROM TGFCTE CTE
    INNER JOIN TGFPRO PRO ON PRO.CODPROD = CTE.CODPROD
    INNER JOIN TGFGRU GRU ON PRO.CODGRUPOPROD = GRU.CODGRUPOPROD
    
    WHERE CTE.DTCONTAGEM = (SELECT MAX(DTCONTAGEM) FROM TGFCTE WHERE DTCONTAGEM <= :P_PERIODO.FIN)
    AND CTE.QTDEST <> 0
    )Z
    
WHERE Z.USOPROD = :A_USOPROD
AND Z.CODGRUPOPROD = :A_CODGRUPOPROD
    
GROUP BY
Z.DTCONTAGEM
, Z.CODPROD
, Z.DESCRPROD

ORDER BY 4 DESC]]></expression>
            <metadata>
              <field name="DTCONTAGEM" label="Dt. Contagem" type="D" visible="false" useFooter="false"/>
              <field name="CODPROD" label="Cód. Produto" type="I" visible="true" useFooter="false"/>
              <field name="DESCRPROD" label="Produto" type="S" visible="true" useFooter="false"/>
              <field name="VALOR" label="Valor" type="F" visible="true" useFooter="SUM" mask="#.##0,00;(n)"/>
            </metadata>
          </grid>
        </container>
      </container>
    </container>
  </level>
</gadget>