<gadget>
  <prompt-parameters>
    <parameter id="P_PERIODO" description="Período" metadata="datePeriod" required="true" keep-last="true" keep-date="false" order="0"/>
    <parameter id="P_CODEMP" description="Empresa" metadata="multiList:Text" listType="sql" required="true" keep-last="true" keep-date="false" order="1">
      <expression type="SQL"><![CDATA[SELECT CODEMP AS VALUE,TO_CHAR(CODEMP) || ' - ' || NOMEFANTASIA AS LABELFROM TSIEMP ORDER BY 1]]></expression>
    </parameter>
  </prompt-parameters>
  <level id="lvl_pn8qkt" description="Principal">
    <container orientacao="V" tamanhoRelativo="100">
      <container orientacao="V" tamanhoRelativo="50">
        <simple-value id="svl_pn8qkx">
          <expression type="sql" data-source="MGEDS"><![CDATA[SELECT  SUM(X.VLRTOTIMP) AS VLRTOTIMP, SUM(X.VLRISSRET) AS VLRISSRET, SUM(X.VLRTOTIMP) - SUM(X.VLRISSRET) AS VLRTOTPAGFROM    (SELECT     SUM(Z.VLRISS) AS VLRTOTIMP    , (CASE WHEN Z.IDENTIFICADOR = 'ISS RETIDO' THEN SUM(Z.VLRISS) ELSE 0 END) AS VLRISSRET        FROM        (SELECT    CAB.NUNOTA    , CAB.NUMNOTA    , CAB.DTNEG    , CAB.CODEMP    , CAB.CODPARC    , PAR.RAZAOSOCIAL    , CAB.VLRNOTA    , CAB.VLRISS    , CASE WHEN CAB.ISSRETIDO = 'S' THEN 'ISS RETIDO' ELSE '' END AS IDENTIFICADOR    , CASE WHEN CAB.ISSRETIDO = 'S' THEN  CAB.VLRNOTA - CAB.VLRISS ELSE CAB.VLRNOTA END AS VLRLIQ            FROM TGFCAB CAB     INNER JOIN TGFPAR PAR ON CAB.CODPARC = PAR.CODPARC            WHERE CAB.STATUSNFSE = 'A'    AND CAB.STATUSNOTA = 'L'    AND CAB.CODEMP IN :P_CODEMP    AND CAB.DTNEG BETWEEN :P_PERIODO.INI AND :P_PERIODO.FIN    )Z        GROUP BY IDENTIFICADOR)X]]></expression>
          <metadata>
            <field name="VLRTOTIMP" label="Vlr. Total Imposto" type="F" visible="true" useFooter="false" mask="R$ #.##0,00"/>
            <field name="VLRISSRET" label="Vlr. Iss Retido" type="F" visible="true" useFooter="false" mask="R$ #.##0,00"/>
            <field name="VLRTOTPAG" label="Vlr. Total Pagamento" type="F" visible="true" useFooter="false" mask="R$ #.##0,00"/>
          </metadata>
          <value-expression><![CDATA[<div style='text-align: center;'><br><table border="1">    <tr>        <td><b> Valor Total  </b></td>        <td> $VLRTOTIMP </td>    </tr>    <tr>        <td><b> ISS Retido  </b></td>        <td> $VLRISSRET </td>    </tr>        <td><b> Total A Pagar  </b></td>        <td> $VLRTOTPAG </td>    </tr></table></div>]]></value-expression>
        </simple-value>
      </container>
      <container orientacao="V" tamanhoRelativo="50">
        <grid id="grd_pn8qkw" useNewGrid="S">
          <expression type="sql" data-source="MGEDS"><![CDATA[SELECTCAB.NUNOTA, CAB.NUMNOTA, CAB.DTNEG, CAB.CODEMP, CAB.CODPARC, PAR.RAZAOSOCIAL, CAB.VLRNOTA, CAB.VLRISS, CASE WHEN CAB.ISSRETIDO = 'S' THEN 'ISS RETIDO' ELSE '' END AS IDENTIFICADOR, CASE WHEN CAB.ISSRETIDO = 'S' THEN  CAB.VLRNOTA - CAB.VLRISS ELSE CAB.VLRNOTA END AS VLRLIQFROM TGFCAB CAB INNER JOIN TGFPAR PAR ON CAB.CODPARC = PAR.CODPARCWHERE CAB.STATUSNFSE = 'A'AND CAB.STATUSNOTA = 'L'AND CAB.CODEMP IN :P_CODEMPAND CAB.DTNEG BETWEEN :P_PERIODO.INI AND :P_PERIODO.FIN]]></expression>
          <metadata>
            <field name="NUNOTA" label="Nro. Único" type="I" visible="true" useFooter="false"/>
            <field name="NUMNOTA" label="Nro. Nota" type="I" visible="true" useFooter="false"/>
            <field name="DTNEG" label="Dt. Negociação" type="D" visible="true" useFooter="false"/>
            <field name="CODEMP" label="Cód. Empresa" type="I" visible="true" useFooter="false"/>
            <field name="CODPARC" label="Cód. Parceiro" type="I" visible="true" useFooter="false"/>
            <field name="RAZAOSOCIAL" label="Parceiro" type="S" visible="true" useFooter="false"/>
            <field name="VLRNOTA" label="Vlr. Nota" type="F" visible="true" useFooter="SUM" mask="R$ #.##0,00"/>
            <field name="VLRISS" label="Vlr. ISS" type="F" visible="true" useFooter="SUM" mask="R$ #.##0,00"/>
            <field name="IDENTIFICADOR" label="Retido" type="S" visible="true" useFooter="false"/>
            <field name="VLRLIQ" label="Vlr. Liquido" type="F" visible="true" useFooter="SUM" mask="R$ #.##0,00"/>
          </metadata>
        </grid>
      </container>
    </container>
  </level>
</gadget>