<gadget>
  <level id="lvl_tcmqf2" description="Principal">
    <container orientacao="H" tamanhoRelativo="100">
      <container orientacao="V" tamanhoRelativo="50">
        <grid id="grd_tfvgkd" entityName="Produto" multiplaSelecao="S" useNewGrid="S">
          <expression type="sql" data-source="MGEDS"><![CDATA[SELECT CODPROD     , DESCRPROD     , CODGRUPOPROD     , DESCRGRUPOPROD     , CODEMP     , MARCA     , COMPLDESC     , DTALTER     , CODVOL     , ESTOQUE     , CUSTO     , CUSTO * ESTOQUE AS CUSTO_TOT     , ULT_VENDA     , CASE WHEN NOVIDADE <= 31 THEN '#FFDD7A' END AS BKCOLOR     , NOVIDADE     , USOPROD     , DESCRUSOPROD     , GRUPOICMS     , GRUPOPIS     , GRUPOCOFINS     , GRUPOCSSL     , ORIGPROD     , STATUSNCM  FROM  (   SELECT PRO.CODPROD,          PRO.DESCRPROD,          GRU.CODGRUPOPROD,          GRU.DESCRGRUPOPROD,          EST.CODEMP,          PRO.MARCA,          PRO.COMPLDESC,          PRO.DTALTER,          TRUNC(SYSDATE) - PRO.DTALTER AS NOVIDADE,          PRO.CODVOL,          SUM(EST.ESTOQUE) AS ESTOQUE,          PRO.USOPROD,          (SELECT OPC.OPCAO FROM TDDOPC OPC WHERE OPC.VALOR = PRO.USOPROD AND OPC.NUCAMPO = 613) AS DESCRUSOPROD,          (SELECT MAX(CUS.CUSSEMICM)             FROM TGFCUS CUS             WHERE CUS.CODPROD = PRO.CODPROD              AND CUS.CODEMP = EST.CODEMP              AND CUS.DTATUAL = (SELECT MAX(C.DTATUAL)                                   FROM TGFCUS C                                  WHERE C.CODPROD = PRO.CODPROD                                    AND C.CODEMP = EST.CODEMP)) AS CUSTO,          (SELECT MAX(CAB.DTNEG)             FROM TGFCAB CAB                  JOIN TGFITE ITE ON CAB.NUNOTA = ITE.NUNOTA            WHERE CAB.TIPMOV = 'V'              AND ITE.CODPROD = PRO.CODPROD) AS ULT_VENDA,          PRO.GRUPOICMS,          PRO.GRUPOPIS,          PRO.GRUPOCOFINS,          PRO.GRUPOCSSL,          PRO.ORIGPROD,          (SELECT OPC.OPCAO FROM TDDOPC OPC WHERE OPC.VALOR = PRO.ORIGPROD AND OPC.NUCAMPO = 371) AS DESCRORIG,          PRO.STATUSNCM     FROM TGFPRO PRO          JOIN TGFEST EST ON PRO.CODPROD = EST.CODPROD          JOIN TGFGRU GRU ON PRO.CODGRUPOPROD = GRU.CODGRUPOPROD    WHERE PRO.ATIVO = 'S'      AND PRO.USOPROD IN ('R', 'V', 'D') GROUP BY PRO.CODPROD,          PRO.DESCRPROD,          GRU.CODGRUPOPROD,          GRU.DESCRGRUPOPROD,          EST.CODEMP,          PRO.MARCA,          PRO.COMPLDESC,          PRO.DTALTER,          PRO.CODVOL,          PRO.USOPROD,          PRO.GRUPOICMS,          PRO.GRUPOPIS,          PRO.GRUPOCOFINS,          PRO.GRUPOCSSL,          PRO.ORIGPROD,          PRO.STATUSNCM) AWHERE NVL(ESTOQUE,0) > 0  AND NVL(CUSTO,0) = 0ORDER BY NOVIDADE]]></expression>
          <metadata>
            <field name="CODPROD" label="Cód. Prod" type="I" visible="true" useFooter="false"/>
            <field name="DESCRPROD" label="Cód. Grupo" type="S" visible="true" useFooter="false"/>
            <field name="CODGRUPOPROD" label="Grupo produto" type="I" visible="true" useFooter="false"/>
            <field name="DESCRGRUPOPROD" label="Produto" type="S" visible="true" useFooter="false"/>
            <field name="CODEMP" label="Cód. Emp" type="I" visible="true" useFooter="false"/>
            <field name="MARCA" label="Marca" type="S" visible="true" useFooter="false"/>
            <field name="COMPLDESC" label="Complemento" type="S" visible="true" useFooter="false"/>
            <field name="DTALTER" label="Dt. Cadastro" type="D" visible="true" useFooter="false"/>
            <field name="CODVOL" label="unidade" type="S" visible="true" useFooter="false"/>
            <field name="ESTOQUE" label="Estoque" type="I" visible="true" useFooter="false"/>
            <field name="CUSTO" label="Custo" type="F" visible="true" useFooter="false" mask="#.##0,00"/>
            <field name="CUSTO_TOT" label="Custo Total" type="F" visible="true" useFooter="false" mask="#.##0,00"/>
            <field name="ULT_VENDA" label="Última Venda" type="D" visible="true" useFooter="false"/>
            <field name="BKCOLOR" label="BKCOLOR" type="S" visible="true" useFooter="false"/>
            <field name="NOVIDADE" label="NOVIDADE" type="I" visible="false" useFooter="false"/>
            <field name="USOPROD" label="USOPROD" type="S" visible="false" useFooter="false"/>
            <field name="DESCRUSOPROD" label="Uso Produto" type="S" visible="true" useFooter="false"/>
            <field name="GRUPOICMS" label="Grupo ICMS" type="I" visible="true" useFooter="false"/>
            <field name="GRUPOPIS" label="Grupo PIS" type="S" visible="true" useFooter="false"/>
            <field name="GRUPOCOFINS" label="Grupo COFINS" type="S" visible="true" useFooter="false"/>
            <field name="GRUPOCSSL" label="Grupo CSSL" type="S" visible="true" useFooter="false"/>
            <field name="ORIGPROD" label="Origem" type="S" visible="true" useFooter="false"/>
            <field name="STATUSNCM" label="Status NCM" type="S" visible="true" useFooter="false"/>
          </metadata>
        </grid>
      </container>
    </container>
  </level>
</gadget>