<gadget>
  <prompt-parameters>
    <parameter id="P_PERIODO" description="Período" metadata="datePeriod" required="true" keep-last="true" keep-date="false" order="0"/>
    <parameter id="P_CODEMP" description="Empresa" metadata="multiList:Text" listType="sql" required="false" keep-last="true" keep-date="false" order="2">
      <expression type="SQL"><![CDATA[SELECT EMP.CODEMP AS VALUE          , EMP.CODEMP||' - '||EMP.RAZAOSOCIAL AS LABEL   FROM TSIEMP EMPORDER BY 1]]></expression>
    </parameter>
    <parameter id="P_RECDESP" description="Receita/Despesa" metadata="singleList:Text" listType="text" required="true" keep-last="true" keep-date="false" order="3">
      <item value="1" label="Receita"/>
      <item value="0" label="Ambos"/>
      <item value="-1" label="Despesa"/>
    </parameter>
  </prompt-parameters>
  <level id="lvl_bbky3r" description="Principal">
    <container orientacao="V" tamanhoRelativo="100">
      <grid id="grd_bbky3s" useNewGrid="S">
        <expression type="sql" data-source="MGEDS"><![CDATA[   SELECT F.NUFIN        , F.RECDESP        , F.DHBAIXA        , F.NUCOMPENS        , F.NURENEG        , F.CODPARC        , PAR.NOMEPARC        , F.CODNAT        , N.DESCRNAT         , F.CODEMP        , EMP.NOMEFANTASIA        , F.VLRJURO        , F.VLRJUROEMBUT        , F.VLRMULTA        , F.VLRMULTAEMBUT        , F.CARTAODESC        , F.VLRDESC        , F.VLRBAIXA     FROM TGFFIN F          INNER JOIN TGFNAT N ON F.CODNAT = N.CODNAT          INNER JOIN TGFPAR PAR ON F.CODPARC = PAR.CODPARC          INNER JOIN TSIEMP EMP ON F.CODEMP = EMP.CODEMP    WHERE (F.RECDESP = :P_RECDESP OR :P_RECDESP = 0 AND F.RECDESP IN (1,-1))      AND F.CODEMP IN :P_CODEMP      AND F.DHBAIXA BETWEEN :P_PERIODO.INI AND :P_PERIODO.FIN]]></expression>
        <metadata>
          <field name="NUFIN" label="NUFIN" type="I" visible="true" useFooter="false"/>
          <field name="RECDESP" label="RECDESP" type="I" visible="true" useFooter="false"/>
          <field name="DHBAIXA" label="DHBAIXA" type="D" visible="true" useFooter="false"/>
          <field name="NUCOMPENS" label="NUCOMPENS" type="I" visible="true" useFooter="false"/>
          <field name="NURENEG" label="NURENEG" type="I" visible="true" useFooter="false"/>
          <field name="CODPARC" label="CODPARC" type="I" visible="true" useFooter="false"/>
          <field name="NOMEPARC" label="NOMEPARC" type="S" visible="true" useFooter="false"/>
          <field name="CODNAT" label="CODNAT" type="I" visible="true" useFooter="false"/>
          <field name="DESCRNAT" label="DESCRNAT" type="S" visible="true" useFooter="false"/>
          <field name="CODEMP" label="CODEMP" type="I" visible="true" useFooter="false"/>
          <field name="NOMEFANTASIA" label="NOMEFANTASIA" type="S" visible="true" useFooter="false"/>
          <field name="VLRJURO" label="VLRJURO" type="F" visible="true" useFooter="SUM" mask="#.##0,00"/>
          <field name="VLRJUROEMBUT" label="VLRJUROEMBUT" type="F" visible="true" useFooter="SUM" mask="#.##0,00"/>
          <field name="VLRMULTA" label="VLRMULTA" type="F" visible="true" useFooter="SUM" mask="#.##0,00"/>
          <field name="VLRMULTAEMBUT" label="VLRMULTAEMBUT" type="F" visible="true" useFooter="SUM" mask="#.##0,00"/>
          <field name="CARTAODESC" label="CARTAODESC" type="F" visible="true" useFooter="SUM" mask="#.##0,00"/>
          <field name="VLRDESC" label="VLRDESC" type="F" visible="true" useFooter="SUM" mask="#.##0,00"/>
          <field name="VLRBAIXA" label="VLRBAIXA" type="F" visible="true" useFooter="SUM" mask="#.##0,00"/>
        </metadata>
      </grid>
    </container>
  </level>
</gadget>