<gadget>
  <prompt-parameters>
    <parameter id="P_PERIODO" description="Periodo" metadata="datePeriod" required="true" keep-last="true" keep-date="false" order="0"/>
  </prompt-parameters>
  <level id="lvl_no86h4" description="Principal">
    <container orientacao="V" tamanhoRelativo="100">
      <container orientacao="V" tamanhoRelativo="50">
        <grid id="grd_no86h5" useNewGrid="N">
          <expression type="sql" data-source="MGEDS"><![CDATA[SELECT     (CASE WHEN IXN.STATUS = 0 AND IXN.NUNOTA IS NULL THEN 'BLACK'           WHEN IXN.STATUS = 0 AND IXN.NUNOTA IS NOT NULL THEN 'YELLOW'           WHEN IXN.STATUS = 4 THEN 'RED'           ELSE 'GREEN' END) AS FAROL,       IXN.CODEMP,       IXN.DHEMISS,       IXN.DTCONFIRMACAO,       IXN.DHIMPORT,       IXN.NUNOTA,       IXN.NUMNOTA,       IXN.CODPARC,       PAR.NOMEPARC,       PAR.RAZAOSOCIAL,       IXN.NOMEARQUIVO,       IXN.CHAVEACESSO,       (CASE         WHEN IXN.STATUS = 0 THEN          'Pendente'         WHEN IXN.STATUS = 1 THEN          'Importado'         WHEN IXN.STATUS = 2 THEN          'Importado'         WHEN IXN.STATUS = 4 THEN          'Com divergência'       END) AS STATUS,       (CASE         WHEN (SELECT COUNT(*) FROM TGFCAB CAB WHERE CAB.NUNOTA = IXN.NUNOTA) = 0 THEN          'Não Gerada no Portal'         WHEN (SELECT COUNT(*) FROM TGFCAB CAB WHERE CAB.NUNOTA = IXN.NUNOTA) > 0 THEN          'Gerada no Portal' END) AS SIT_PORTAL,       (SELECT NVL(MAX(CASE WHEN CAB.STATUSNOTA = 'L' THEN 'Confirmada' ELSE 'Não Confirmada' END),'Não Confirmada') FROM TGFCAB CAB WHERE CAB.NUNOTA = IXN.NUNOTA) AS Confirmada,       IXN.NUARQUIVO  FROM TGFIXN IXN, TGFPAR PAR WHERE IXN.CODPARC = PAR.CODPARC AND IXN.DHEMISS BETWEEN :P_PERIODO.INI AND :P_PERIODO.FIN]]></expression>
          <metadata>
            <field name="FAROL" label="Farol" type="L" visible="true" useFooter="false"/>
            <field name="CODEMP" label="Empresa" type="I" visible="true" useFooter="false"/>
            <field name="DHEMISS" label="Dt. Emissão" type="D" visible="true" useFooter="false"/>
            <field name="DTCONFIRMACAO" label="Dt. Confirmação" type="D" visible="true" useFooter="false"/>
            <field name="DHIMPORT" label="Dt. Importação" type="D" visible="true" useFooter="false"/>
            <field name="NUNOTA" label="Nr. Único" type="I" visible="true" useFooter="false"/>
            <field name="NUMNOTA" label="Nr. Nota" type="I" visible="true" useFooter="false"/>
            <field name="CODPARC" label="Cód. Parc." type="I" visible="true" useFooter="false"/>
            <field name="NOMEPARC" label="Nome Parceiro" type="S" visible="true" useFooter="false"/>
            <field name="RAZAOSOCIAL" label="Razão Social" type="S" visible="true" useFooter="false"/>
            <field name="NOMEARQUIVO" label="Nome do Arquivo" type="S" visible="true" useFooter="false"/>
            <field name="CHAVEACESSO" label="Chave NFe" type="S" visible="true" useFooter="false"/>
            <field name="STATUS" label="Status" type="S" visible="true" useFooter="false"/>
            <field name="SIT_PORTAL" label="Situação no Portal" type="S" visible="true" useFooter="false"/>
            <field name="CONFIRMADA" label="Confirmada?" type="S" visible="true" useFooter="false"/>
            <field name="NUARQUIVO" label="Nr. Arq. Imp." type="I" visible="true" useFooter="false"/>
          </metadata>
          <refresh-details ui-list="grd_no86in">
            <param id="NUNOTA">$NUNOTA</param>
          </refresh-details>
        </grid>
      </container>
      <container orientacao="V" tamanhoRelativo="50">
        <grid id="grd_no86in">
          <args>
            <arg id="NUNOTA" type="integer"/>
          </args>
          <expression type="sql" data-source="MGEDS"><![CDATA[SELECT ITE.NUNOTA,
       ITE.CODPROD,
       PRO.DESCRPROD,
       ITE.CODLOCALORIG,
       LOC.DESCRLOCAL,
       ITE.SEQUENCIA,
       ITE.QTDNEG,
       ITE.CODVOL,
       ITE.VLRUNIT,
       ITE.VLRTOT
  FROM TGFITE ITE, TGFPRO PRO, TGFLOC LOC
 WHERE ITE.CODPROD = PRO.CODPROD
   AND ITE.CODLOCALORIG = LOC.CODLOCAL
   AND ITE.NUNOTA = :NUNOTA]]></expression>
          <metadata>
            <field name="NUNOTA" label="Nr. Único" type="I" visible="true" useFooter="false"/>
            <field name="CODPROD" label="Cód. Prod." type="I" visible="true" useFooter="false"/>
            <field name="DESCRPROD" label="Descr. Prod." type="S" visible="true" useFooter="false"/>
            <field name="CODLOCALORIG" label="Cód. Local" type="I" visible="true" useFooter="false"/>
            <field name="DESCRLOCAL" label="Descr. Local" type="S" visible="true" useFooter="false"/>
            <field name="SEQUENCIA" label="Seq." type="I" visible="true" useFooter="false"/>
            <field name="QTDNEG" label="Qtd. Neg." type="F" visible="true" useFooter="false"/>
            <field name="CODVOL" label="Vol." type="S" visible="true" useFooter="false"/>
            <field name="VLRUNIT" label="Vlr. Unit" type="F" visible="true" useFooter="false"/>
            <field name="VLRTOT" label="Vlr. Total" type="F" visible="true" useFooter="false"/>
          </metadata>
        </grid>
      </container>
    </container>
  </level>
</gadget>