<gadget>
  <level id="lvl_tcmqf2" description="Principal">
    <container orientacao="H" tamanhoRelativo="100">
      <container orientacao="V" tamanhoRelativo="50">
        <grid id="grd_tfvgkd" entityName="Produto" multiplaSelecao="N" useNewGrid="S">
          <title><![CDATA[Produto Inativos a 6 meses]]></title>
          <expression type="sql" data-source="MGEDS"><![CDATA[SELECT CODPROD     , DESCRPROD     , CODGRUPOPROD     , DESCRGRUPOPROD     , MARCA     , COMPLDESC     , DTALTER     , CODVOL     , ESTOQUE     , CUSTO     , CUSTO * ESTOQUE AS VALOR     , ULT_VENDA     , CASE WHEN NOVIDADE <= 31 THEN '#FFDD7A' END AS BKCOLOR     , NOVIDADE     , USOPROD     , DESCRUSOPROD     , GRUPOICMS     , GRUPOPIS     , GRUPOCOFINS     , GRUPOCSSL     , ORIGPROD     , STATUSNCM  FROM  (   SELECT PRO.CODPROD,          PRO.DESCRPROD,          GRU.CODGRUPOPROD,          GRU.DESCRGRUPOPROD,          PRO.MARCA,          PRO.COMPLDESC,          PRO.DTALTER,          TRUNC(SYSDATE) - PRO.DTALTER AS NOVIDADE,          PRO.CODVOL,          SUM(EST.ESTOQUE) AS ESTOQUE,          PRO.USOPROD,          (SELECT OPC.OPCAO FROM TDDOPC OPC WHERE OPC.VALOR = PRO.USOPROD AND OPC.NUCAMPO = 613) AS DESCRUSOPROD,          (SELECT MAX(CUS.CUSSEMICM)             FROM TGFCUS CUS             WHERE CUS.CODPROD = PRO.CODPROD              AND CUS.DTATUAL = (SELECT MAX(C.DTATUAL)                                   FROM TGFCUS C                                  WHERE C.CODPROD = PRO.CODPROD)) AS CUSTO,          (SELECT MAX(CAB.DTNEG)             FROM TGFCAB CAB                  JOIN TGFITE ITE ON CAB.NUNOTA = ITE.NUNOTA            WHERE CAB.TIPMOV = 'V'              AND ITE.CODPROD = PRO.CODPROD) AS ULT_VENDA,          PRO.GRUPOICMS,			PEM.CODEMP,          PEM.GRUPOICMS AS GRUPOPEM,          PRO.GRUPOPIS,          PRO.GRUPOCOFINS,          PRO.GRUPOCSSL,          PRO.ORIGPROD,          (SELECT OPC.OPCAO FROM TDDOPC OPC WHERE OPC.VALOR = PRO.ORIGPROD AND OPC.NUCAMPO = 371) AS DESCRORIG,          PRO.STATUSNCM     FROM TGFPRO PRO          JOIN TGFEST EST ON PRO.CODPROD = EST.CODPROD          JOIN TGFGRU GRU ON PRO.CODGRUPOPROD = GRU.CODGRUPOPROD          LEFT JOIN TGFPEM PEM ON PEM.CODPROD = PRO.CODPROD    WHERE PRO.ATIVO = 'S'      AND PRO.USOPROD IN ('R', 'V', 'D')      AND PRO.CODPROD NOT IN ( SELECT ITE.CODPROD                                 FROM TGFCAB CAB                                      JOIN TGFITE ITE ON CAB.NUNOTA = ITE.NUNOTA                                WHERE CAB.TIPMOV = 'V'                                  AND TRUNC(CAB.DTNEG, 'MM') >= TRUNC(ADD_MONTHS(SYSDATE, '-6'), 'MM')) GROUP BY PRO.CODPROD,          PRO.DESCRPROD,          GRU.CODGRUPOPROD,          GRU.DESCRGRUPOPROD,          PRO.MARCA,          PRO.COMPLDESC,          PRO.DTALTER,          PRO.CODVOL,          PRO.USOPROD,          PRO.GRUPOICMS,          PRO.GRUPOPIS,          PRO.GRUPOCOFINS,          PRO.GRUPOCSSL,          PRO.ORIGPROD,          PRO.STATUSNCM,          PEM.CODEMP,          PEM.GRUPOICMS          ) AORDER BY NOVIDADE]]></expression>
          <metadata>
            <field name="CODPROD" label="Cód. Prod" type="I" visible="true" useFooter="false"/>
            <field name="DESCRPROD" label="Produto" type="S" visible="true" useFooter="false"/>
            <field name="CODGRUPOPROD" label="Cód. Grupo Prod" type="I" visible="true" useFooter="false"/>
            <field name="DESCRGRUPOPROD" label="Grupo" type="S" visible="true" useFooter="false"/>
            <field name="MARCA" label="Marca" type="S" visible="true" useFooter="false"/>
            <field name="COMPLDESC" label="Complemento" type="S" visible="true" useFooter="false"/>
            <field name="DTALTER" label="Dt. Alteração" type="D" visible="true" useFooter="false"/>
            <field name="CODVOL" label="Unidade" type="S" visible="true" useFooter="false"/>
            <field name="ESTOQUE" label="Estoque" type="I" visible="true" useFooter="false"/>
            <field name="CUSTO" label="Custo " type="F" visible="true" useFooter="false" mask="#.##0,00"/>
            <field name="VALOR" label="Valor" type="F" visible="true" useFooter="SUM" mask="#.##0,00"/>
            <field name="ULT_VENDA" label="Úlima Venda" type="D" visible="true" useFooter="false"/>
            <field name="BKCOLOR" label="BKCOLOR" type="S" visible="true" useFooter="false"/>
            <field name="NOVIDADE" label="Novidade" type="I" visible="false" useFooter="false"/>
            <field name="USOPROD" label="Uso" type="S" visible="false" useFooter="false"/>
            <field name="DESCRUSOPROD" label="Uso Prod" type="S" visible="true" useFooter="false"/>
            <field name="GRUPOICMS" label="Grupo ICMS" type="I" visible="true" useFooter="false"/>
            <field name="GRUPOPIS" label="Grupo ICMS PEM" type="S" visible="true" useFooter="false"/>
            <field name="GRUPOCOFINS" label="Grupo COFINS" type="S" visible="true" useFooter="false"/>
            <field name="GRUPOCSSL" label="Grupo CSSL" type="S" visible="true" useFooter="false"/>
            <field name="ORIGPROD" label="Origem" type="S" visible="true" useFooter="false"/>
            <field name="STATUSNCM" label="Status NCM" type="S" visible="true" useFooter="false"/>
          </metadata>
        </grid>
      </container>
    </container>
  </level>
</gadget>