<gadget>
  <prompt-parameters>
    <parameter id="PERIODO" description="Período (Ent/Sai)" metadata="datePeriod" required="true" keep-last="true" keep-date="false" order="0"/>
    <parameter id="RECDESP" description="Receita/Despesa" metadata="singleList:Text" listType="text" required="true" keep-last="false" keep-date="false" order="1">
      <item value="-1" label="DESPESA"/>
      <item value="1" label="RECEITA"/>
      <item value="2" label="AMBOS"/>
    </parameter>
    <parameter id="CODEMP" description="Empresa" metadata="multiList:Text" listType="sql" required="true" keep-last="true" keep-date="false" order="2">
      <expression type="SQL"><![CDATA[SELECT CODEMP AS VALUE, CODEMP ||'-'||NOMEFANTASIA AS LABEL FROM TSIEMP ORDER BY 1]]></expression>
    </parameter>
  </prompt-parameters>
  <level id="lvl_04f9r1" description="Principal">
    <container orientacao="V" tamanhoRelativo="100">
      <grid id="grd_04f9r2" useNewGrid="S">
        <expression type="sql" data-source="MGEDS"><![CDATA[SELECT CODNAT, DESCRNAT,SUM(VLRDESDOB)AS VLRDESDOB ,CODCTACTB,DESCRCTA, CASE WHEN EXISTS( SELECT 1 FROM TGFFIN FWHERE F.DTENTSAI BETWEEN :PERIODO.INI AND :PERIODO.FINAND F.PROVISAO = 'N'AND CASE WHEN :RECDESP = '2' THEN '2' ELSE CAST(F.RECDESP AS VARCHAR(2)) END = :RECDESPAND F.CODNAT = X.CODNATAND CASE WHEN F.NUNOTA IS NULL THENCASE WHEN NOT EXISTS(SELECT 1 FROM TCBINT I WHERE I.NUNICO = F.NUFIN AND ORIGEM IN ('F','B') ) THEN 'NAO' ELSE 'SIM' endELSECASE WHEN NOT EXISTS(SELECT 1 FROM TCBINT I WHERE I.NUNICO = F.NUNOTA AND ORIGEM = 'E') THEN 'NAO' ELSE 'SIM' endEND = 'NAO' ) THEN'#FF0000' ENDAS FGCOLORFROM (SELECT FIN.CODEMP,FIN.NUFIN,FIN.NUMNOTA,FIN.CODPARC,PAR.RAZAOSOCIAL,NAT.CODCTACTB2 AS CODCTACTB,PLA.DESCRCTA,NAT.CODNAT,NAT.DESCRNAT,FIN.DESDOBRAMENTO AS DESDOB,FIN.RECDESP,FIN.DTENTSAI,FIN.VLRDESDOB * FIN.RECDESP AS VLRDESDOB,FIN.DHBAIXA,FIN.CODTIPOPER,TOP.DESCROPERFROM VGFFINRAT FIN INNER JOIN TGFPAR PAR ON PAR.CODPARC=FIN.CODPARCINNER JOIN TGFNAT NAT ON NAT.CODNAT = FIN.CODNATINNER JOIN TGFTOP TOP ON TOP.CODTIPOPER = FIN.CODTIPOPER AND FIN.DHTIPOPER = TOP.DHALTERLEFT OUTER JOIN TCBPLA PLA ON PLA.CODCTACTB = NAT.CODCTACTB2WHERE FIN.DTENTSAI BETWEEN :PERIODO.INI AND :PERIODO.FINAND FIN.PROVISAO = 'N'and fin.CODEMP IN :CODEMPAND CASE WHEN :RECDESP = '2' THEN '2' ELSE CAST(FIN.RECDESP AS VARCHAR(2)) END = :RECDESP)XGROUP BY CODNAT,DESCRNAT,CODCTACTB,DESCRCTAUNION ALLSELECT CODNAT, DESCRNAT,SUM(VLRDESC) ,CODCTACTB,DESCRCTA ,'' AS FGCOLORFROM (SELECT FIN.CODEMP,FIN.NUFIN,FIN.NUMNOTA,FIN.CODPARC,PAR.RAZAOSOCIAL,435 AS CODCTACTB,'DESCONTOS OBTIDOS' AS DESCRCTA,(SELECT INTEIRO FROM TSIPAR WHERE CHAVE='NATRECDESC') AS CODNAT,(SELECT DESCRNAT FROM TGFNAT WHERE CODNAT=(SELECT INTEIRO FROM TSIPAR WHERE CHAVE='NATRECDESC'))AS DESCRNAT,FIN.DESDOBRAMENTO AS DESDOB,FIN.RECDESP,FIN.DTENTSAI,FIN.VLRDESDOB * FIN.RECDESP AS VLRDESDOB,FIN.VLRDESC,FIN.DHBAIXA,FIN.CODTIPOPER,TOP.DESCROPERFROM VGFFINRAT FIN INNER JOIN TGFPAR PAR ON PAR.CODPARC=FIN.CODPARCINNER JOIN TGFTOP TOP ON TOP.CODTIPOPER = FIN.CODTIPOPER AND FIN.DHTIPOPER = TOP.DHALTERWHERE FIN.DTENTSAI BETWEEN :PERIODO.INI AND :PERIODO.FINAND FIN.PROVISAO = 'N'and fin.CODEMP IN :CODEMPAND CASE WHEN :RECDESP = '2' THEN '2' ELSE CAST(FIN.RECDESP AS VARCHAR(2)) END = :RECDESPAND EXISTS (SELECT 1 FROM TGFCTB WHERE CODCTACTB='435' AND CODTIPOPER = TOP.CODTIPOPER))XGROUP BY CODNAT,DESCRNAT,CODCTACTB,DESCRCTAUNION ALLSELECT CODNAT, DESCRNAT,SUM(VLRDESC) ,CODCTACTB,DESCRCTA ,'' AS FGCOLORFROM (SELECT FIN.CODEMP,FIN.NUFIN,FIN.NUMNOTA,FIN.CODPARC,PAR.RAZAOSOCIAL,444 AS CODCTACTB,'DESCONTO CONCEDIDO' AS DESCRCTA,(SELECT INTEIRO FROM TSIPAR WHERE CHAVE='NATRECDESC') AS CODNAT,(SELECT DESCRNAT FROM TGFNAT WHERE CODNAT=(SELECT INTEIRO FROM TSIPAR WHERE CHAVE='NATRECDESC'))AS DESCRNAT,FIN.DESDOBRAMENTO AS DESDOB,FIN.RECDESP,FIN.DTENTSAI,FIN.VLRDESDOB * FIN.RECDESP AS VLRDESDOB,FIN.VLRDESC,FIN.DHBAIXA,FIN.CODTIPOPER,TOP.DESCROPERFROM VGFFINRAT FIN INNER JOIN TGFPAR PAR ON PAR.CODPARC=FIN.CODPARCINNER JOIN TGFTOP TOP ON TOP.CODTIPOPER = FIN.CODTIPOPER AND FIN.DHTIPOPER = TOP.DHALTERWHERE FIN.DTENTSAI BETWEEN :PERIODO.INI AND :PERIODO.FINAND FIN.PROVISAO = 'N'and fin.CODEMP IN :CODEMPAND CASE WHEN :RECDESP = '2' THEN '2' ELSE CAST(FIN.RECDESP AS VARCHAR(2)) END = :RECDESPAND EXISTS (SELECT 1 FROM TGFCTB WHERE CODCTACTB='444' AND CODTIPOPER = TOP.CODTIPOPER))XGROUP BY CODNAT,DESCRNAT,CODCTACTB,DESCRCTAORDER BY 1]]></expression>
        <metadata>
          <field name="CODNAT" label="Cod" type="S" visible="true" useFooter="false"/>
          <field name="DESCRNAT" label="Natureza" type="S" visible="true" useFooter="false"/>
          <field name="VLRDESDOB" label="Vlr Total" type="F" visible="true" useFooter="SUM" mask="#.##0,00"/>
          <field name="CODCTACTB" label="Cod Conta" type="I" visible="true" useFooter="false"/>
          <field name="DESCRCTA" label="Descricao (Conta 1 Nat)" type="S" visible="true" useFooter="false"/>
          <field name="FGCOLOR" label="FGCOLOR" type="S" visible="true" useFooter="false"/>
        </metadata>
        <on-click navigate-to="lvl_04f9r8">
          <param id="NATUR">$CODNAT</param>
        </on-click>
      </grid>
    </container>
  </level>
  <level id="lvl_04f9r8" description="Detalhe">
    <args>
      <arg id="NATUR" type="text"/>
    </args>
    <container orientacao="V" tamanhoRelativo="100">
      <grid id="grd_04f9r9" useNewGrid="S">
        <expression type="sql" data-source="MGEDS"><![CDATA[SELECT FIN.CODEMP,FIN.NUFIN,FIN.NUMNOTA,FIN.CODPARC,PAR.RAZAOSOCIAL,NAT.CODNAT,(SELECT DESCRNAT FROM TGFNAT WHERE CODNAT = SUBSTR(FIN.CODNAT,1,4) ||'0000' ) AS DESCRNAT_PAI,NAT.DESCRNAT,NAT.CODCTACTB,PLA.DESCRCTA,FIN.DESDOBRAMENTO AS DESDOB,FIN.RECDESP,FIN.DTENTSAI,FIN.VLRDESDOB * FIN.RECDESP AS VLRDESDOB,FIN.VLRLIQUIDO * FIN.RECDESP AS VLRLIQUIDO,FIN.DHBAIXA,FIN.VLRBAIXA * FIN.RECDESP AS VLRBAIXA,FIN.CODTIPOPER,TOP.DESCROPER,CASE WHEN FIN.NUNOTA IS NULL THENCASE WHEN NOT EXISTS(SELECT 1 FROM TCBINT I WHERE I.NUNICO = FIN.NUFIN AND ORIGEM IN ('F','B') ) THEN '#FF0000' endELSECASE WHEN NOT EXISTS(SELECT 1 FROM TCBINT I WHERE I.NUNICO = FIN.NUNOTA AND ORIGEM = 'E') THEN '#FF0000' endEND AS FGCOLOR,CASE WHEN FIN.NUNOTA IS NULL THENCASE WHEN NOT EXISTS(SELECT 1 FROM TCBINT I WHERE I.NUNICO = FIN.NUFIN AND ORIGEM IN ('F','B') ) THEN 'NAO' ELSE 'SIM' endELSECASE WHEN NOT EXISTS(SELECT 1 FROM TCBINT I WHERE I.NUNICO = FIN.NUNOTA AND ORIGEM = 'E') THEN 'NAO' ELSE 'SIM' endEND AS CONTABILIZ,FIN.DTVENC,FIN.TIPJURO,FIN.TIPMULTA,FIN.INSSRETIDO,FIN.IRFRETIDO,FIN.ISSRETIDO,FIN.VLRJURO,FIN.VLRMULTA,FIN.VLRDESC,FIN.DESPCART,FIN.VLRVARCAMBIAL,FIN.VLRINSS,FIN.VLRIRF,FIN.VLRISS,FIN.VLRVENDOR,FIN.CARTAODESC,FIN.VLRJURONEGOC,FIN.VLRJUROLIB,FIN.VLRMULTANEGOC,FIN.VLRMULTALIBFROM VGFFINRAT FIN INNER JOIN TGFPAR PAR ON PAR.CODPARC=FIN.CODPARCINNER JOIN TGFNAT NAT ON NAT.CODNAT = FIN.CODNATINNER JOIN TGFTOP TOP ON TOP.CODTIPOPER = FIN.CODTIPOPER AND FIN.DHTIPOPER = TOP.DHALTERLEFT OUTER JOIN TCBPLA PLA ON PLA.CODCTACTB = NAT.CODCTACTBWHERE FIN.DTENTSAI BETWEEN :PERIODO.INI AND :PERIODO.FINAND FIN.CODNAT = :NATURAND FIN.PROVISAO = 'N'and fin.CODEMP IN :CODEMPAND CASE WHEN :RECDESP = '2' THEN '2' ELSE CAST(FIN.RECDESP AS VARCHAR(2)) END = :RECDESPORDER BY CONTABILIZ ,DTENTSAI,NUMNOTA,DESDOBRAMENTO]]></expression>
        <metadata>
          <field name="CODEMP" label="Cód. Emp" type="I" visible="true" useFooter="false"/>
          <field name="NUFIN" label="Nro Unico" type="I" visible="true" useFooter="false"/>
          <field name="NUMNOTA" label="Nro Nota" type="I" visible="true" useFooter="false"/>
          <field name="CODPARC" label="CodPar" type="I" visible="true" useFooter="false"/>
          <field name="RAZAOSOCIAL" label="Parceiro" type="S" visible="true" useFooter="false"/>
          <field name="CODNAT" label="CodNat" type="I" visible="true" useFooter="false"/>
          <field name="DESCRNAT_PAI" label="Natureza PAI" type="S" visible="true" useFooter="false"/>
          <field name="DESCRNAT" label="Natureza" type="S" visible="true" useFooter="false"/>
          <field name="CODCTACTB" label="Cod Conta Cont" type="I" visible="true" useFooter="false"/>
          <field name="DESCRCTA" label="Conta Contabil" type="S" visible="true" useFooter="false"/>
          <field name="DESDOB" label="Desd" type="S" visible="true" useFooter="false"/>
          <field name="RECDESP" label="Rec/Desp" type="I" visible="true" useFooter="false"/>
          <field name="DTENTSAI" label="Dt. Ent/Sai" type="D" visible="true" useFooter="false"/>
          <field name="VLRDESDOB" label="Vlr Desdob" type="F" visible="true" useFooter="SUM" mask="#.##0,00"/>
          <field name="VLRLIQUIDO" label="Vlr Líq" type="I" visible="true" useFooter="SUM" mask="#.##0,00"/>
          <field name="DHBAIXA" label="Dt Baixa" type="D" visible="true" useFooter="false"/>
          <field name="VLRBAIXA" label="Vlr Baixa" type="F" visible="true" useFooter="SUM" mask="#.##0,00"/>
          <field name="CODTIPOPER" label="Cod Top" type="I" visible="true" useFooter="false"/>
          <field name="DESCROPER" label="TOP" type="S" visible="true" useFooter="false"/>
          <field name="FGCOLOR" label="FGCOLOR" type="S" visible="true" useFooter="false"/>
          <field name="CONTABILIZ" label="Contabilizado?" type="S" visible="true" useFooter="false"/>
          <field name="DTVENC" label="Dt Venc" type="D" visible="true" useFooter="false"/>
          <field name="TIPJURO" label="Tip Juro" type="S" visible="true" useFooter="false"/>
          <field name="TIPMULTA" label="Tip Multa" type="S" visible="true" useFooter="false"/>
          <field name="INSSRETIDO" label="INSS Ret" type="S" visible="true" useFooter="false"/>
          <field name="IRFRETIDO" label="IRF Ret" type="S" visible="true" useFooter="false"/>
          <field name="ISSRETIDO" label="ISS Ret" type="S" visible="true" useFooter="false"/>
          <field name="VLRJURO" label="Vlr juro" type="F" visible="true" useFooter="false"/>
          <field name="VLRMULTA" label="Vlr multa" type="F" visible="true" useFooter="false"/>
          <field name="VLRDESC" label="VLr Desc" type="F" visible="true" useFooter="false"/>
          <field name="DESPCART" label="desp. Cartorio" type="F" visible="true" useFooter="false"/>
          <field name="VLRVARCAMBIAL" label="Vlr. Canbio" type="F" visible="true" useFooter="false"/>
          <field name="VLRINSS" label="Vlr inss" type="F" visible="true" useFooter="false"/>
          <field name="VLRIRF" label="Vlr IRF" type="F" visible="true" useFooter="false"/>
          <field name="VLRISS" label="Vlr ISS" type="F" visible="true" useFooter="false"/>
          <field name="VLRVENDOR" label="Vlr. Vendor" type="F" visible="true" useFooter="false"/>
          <field name="CARTAODESC" label="Desc. Cartão" type="F" visible="true" useFooter="false"/>
          <field name="VLRJURONEGOC" label="vlr. Juro Neg" type="F" visible="true" useFooter="false"/>
          <field name="VLRJUROLIB" label="VLRJUROLIB" type="F" visible="false" useFooter="false"/>
          <field name="VLRMULTANEGOC" label="VLRMULTANEGOC" type="F" visible="false" useFooter="false"/>
          <field name="VLRMULTALIB" label="VLRMULTALIB" type="F" visible="true" useFooter="false"/>
        </metadata>
        <on-click-launcher resource-id="br.com.sankhya.fin.cad.movimentacaoFinanceira">
          <NUFIN>$NUFIN</NUFIN>
        </on-click-launcher>
      </grid>
    </container>
  </level>
</gadget>