<gadget>
  <level id="lvl_tcmqf2" description="Principal">
    <container orientacao="H" tamanhoRelativo="100">
      <container orientacao="V" tamanhoRelativo="50">
        <grid id="grd_tcmqf3" entityName="Produto" multiplaSelecao="N" useNewGrid="S">
          <title><![CDATA[Produtos e suas características]]></title>
          <expression type="sql" data-source="MGEDS"><![CDATA[select        pro.codprod,       pro.descrprod,       gru.codgrupoprod,       gru.descrgrupoprod,       pro.marca,        pro.usoprod,       (select opc.opcao from tddopc opc where opc.valor = pro.usoprod and opc.nucampo = 613) as descrusoprod,       pro.grupoicms,       pro.grupopis,       pro.grupocofins,       pro.grupocssl,       PRO.ORIGPROD,       (select opc.opcao from tddopc opc where opc.valor = pro.ORIGPROD and opc.nucampo = 371) as descrORIG         from tgfpro pro       join tgfgru gru on pro.codgrupoprod = gru.codgrupoprod where pro.ativo = 'S'      AND PRO.USOPROD IN ('R', 'V', 'D')order by  pro.codprod]]></expression>
          <metadata>
            <field name="CODPROD" label="Cód. Prod" type="I" visible="true" useFooter="false"/>
            <field name="DESCRPROD" label="Produto" type="S" visible="true" useFooter="false"/>
            <field name="CODGRUPOPROD" label="Cód. Grupo Prod" type="I" visible="true" useFooter="false"/>
            <field name="DESCRGRUPOPROD" label="Grupo de Produtos" type="S" visible="true" useFooter="false"/>
            <field name="MARCA" label="Marca" type="S" visible="true" useFooter="false"/>
            <field name="USOPROD" label="Uso Produto" type="S" visible="true" useFooter="false"/>
            <field name="DESCRUSOPROD" label="Uso Produto " type="S" visible="true" useFooter="false"/>
            <field name="GRUPOICMS" label="Grupo ICMS Empresa" type="I" visible="true" useFooter="false"/>
            <field name="GRUPOPIS" label="Grupo PIS" type="S" visible="true" useFooter="false"/>
            <field name="GRUPOCOFINS" label="Grupo COFINS" type="S" visible="true" useFooter="false"/>
            <field name="GRUPOCSSL" label="Grupo CSSL" type="S" visible="true" useFooter="false"/>
            <field name="ORIGPROD" label="Origem" type="S" visible="true" useFooter="false"/>
            <field name="DESCRORIG" label="Descr. Origem" type="S" visible="true" useFooter="false"/>
          </metadata>
        </grid>
      </container>
    </container>
  </level>
</gadget>