<gadget>
  <prompt-parameters>
    <parameter id="P_PERIODO" description="Periodo" metadata="datePeriod" required="true" keep-last="true" keep-date="false" order="0"/>
    <parameter id="P_CODEMP" description="Empresa" metadata="multiList:Text" listType="sql" required="true" keep-last="true" keep-date="false" order="1">
      <expression type="SQL"><![CDATA[SELECT
CODEMP AS VALUE
, CODEMP || ' - ' || NOMEFANTASIA AS LABEL

FROM TSIEMP 

WHERE CODEMP < 800

ORDER BY 1
]]></expression>
    </parameter>
    <parameter id="P_CODCENCUS" description="Centro de Resultado" metadata="multiList:Text" listType="sql" required="true" keep-last="true" keep-date="false" order="2">
      <expression type="SQL"><![CDATA[SELECT
CODCENCUS AS VALUE
, CODCENCUS || ' - ' || DESCRCENCUS AS LABEL

FROM TSICUS 

WHERE ANALITICO = 'S'

ORDER BY 1
]]></expression>
    </parameter>
    <parameter id="P_GRAU" description="Grau Demonstrativo" metadata="multiList:Text" listType="text" required="true" keep-last="true" keep-date="false" order="3">
      <item value="1" label="Grau 1"/>
      <item value="2" label="Grau 2"/>
      <item value="3" label="Grau 3"/>
    </parameter>
    <parameter id="P_NUNOTA" description="Nro Único Opcional" metadata="integer" required="false" keep-last="false" keep-date="false" order="5"/>
  </prompt-parameters>
  <local-vars>
    <var id="NATUREZA">
      <expression type="sql" data-source="MGEDS"><![CDATA[SELECT
Z.DESCRNAT 
FROM (    
    SELECT CODNAT, DESCRNAT FROM TGFNAT
    UNION ALL
    SELECT 40000000 AS CODNAT, 'IMPOSTOS SOBRE VENDAS' AS DESCRNAT FROM DUAL
    UNION ALL
    SELECT 30000000 AS CODNAT, 'CMV ' AS DESCRNAT FROM DUAL
    )Z
    
WHERE Z.CODNAT = :A_CODNAT]]></expression>
    </var>
    <var id="NATUREZA_2">
      <expression type="sql" data-source="MGEDS"><![CDATA[SELECT
Z.DESCRNAT 
FROM (    
    SELECT CODNAT, DESCRNAT FROM TGFNAT
    UNION ALL
    SELECT 40000000 AS CODNAT, 'IMPOSTOS SOBRE VENDAS' AS DESCRNAT FROM DUAL
    UNION ALL
    SELECT 30000000 AS CODNAT, 'CMV ' AS DESCRNAT FROM DUAL
    )Z
    
WHERE Z.CODNAT = :A_CODNAT]]></expression>
    </var>
    <var id="CODEMPRESA">
      <expression type="sql" data-source="MGEDS"><![CDATA[SELECT CODEMP FROM TSIEMP WHERE CODEMP IN :P_CODEMP]]></expression>
    </var>
  </local-vars>
  <level id="lvl_z6dg1p" description="Principal">
    <container orientacao="V" tamanhoRelativo="100">
      <container orientacao="H" tamanhoRelativo="580">
        <html5component id="html5_rxpyf8" entryPoint="painel.jsp"/>
      </container>
      <container orientacao="V" tamanhoRelativo="2146">
        <grid id="grd_z6dg1q" entityName="CabecalhoFox" multiplaSelecao="S" useNewGrid="S">
          <expression type="sql" data-source="MGEDS"><![CDATA[WITH DADOS AS (
    SELECT
        DRE.CODAGRUP AS CODAGRUP
         , DRE.NOME_CLASSIFICADOR
         , DRE.ORDEMDRE AS ORDEMDRE
         , DRE.CODNAT
         , (DRE.CODNAT || ' - ' || DRE.DESCRNAT) AS DESCRNAT
         , NVL(SUM(CASE WHEN DRE.MES = 01 THEN DRE.VALOR END),0) AS JANEIRO
         , NVL(SUM(CASE WHEN DRE.MES = 02 THEN DRE.VALOR END),0) AS FEVEREIRO
         , NVL(SUM(CASE WHEN DRE.MES = 03 THEN DRE.VALOR END),0) AS MARCO
         , NVL(SUM(CASE WHEN DRE.MES = 04 THEN DRE.VALOR END),0) AS ABRIL
         , NVL(SUM(CASE WHEN DRE.MES = 05 THEN DRE.VALOR END),0) AS MAIO
         , NVL(SUM(CASE WHEN DRE.MES = 06 THEN DRE.VALOR END),0) AS JUNHO
         , NVL(SUM(CASE WHEN DRE.MES = 07 THEN DRE.VALOR END),0) AS JULHO
         , NVL(SUM(CASE WHEN DRE.MES = 08 THEN DRE.VALOR END),0) AS AGOSTO
         , NVL(SUM(CASE WHEN DRE.MES = 09 THEN DRE.VALOR END),0) AS SETEMBRO
         , NVL(SUM(CASE WHEN DRE.MES = 10 THEN DRE.VALOR END),0) AS OUTUBRO
         , NVL(SUM(CASE WHEN DRE.MES = 11 THEN DRE.VALOR END),0) AS NOVEMBRO
         , NVL(SUM(CASE WHEN DRE.MES = 12 THEN DRE.VALOR END),0) AS DEZEMBRO
         , NVL(SUM(DRE.VALOR),0) AS TOTAL
         , NVL(SUM(DRE.VALOR),0) / COUNT(DISTINCT TRUNC(DRE.DTREF, 'MM')) AS MEDIA

    FROM AD_SQA_DRE_GERENCIAL DRE

    WHERE DRE.DTREF BETWEEN :P_PERIODO.INI AND :P_PERIODO.FIN
          AND DRE.CODEMP IN :P_CODEMP
          AND DRE.CODCENCUS IN :P_CODCENCUS
          AND (DRE.NUFIN = :P_NUNOTA OR :P_NUNOTA IS NULL)

    GROUP BY
        DRE.CODAGRUP
           , DRE.ORDEMDRE
           , DRE.NOME_CLASSIFICADOR
           , DRE.CODNAT
           , DRE.DESCRNAT

    ORDER BY
        DRE.ORDEMDRE
           , DRE.CODNAT
),


     RECEITA_LIQUIDA_TOTAL AS (
         SELECT SUM(TOTAL) AS TOTAL_RECEITA_LIQUIDA
         FROM DADOS
         WHERE CODAGRUP IN (100,200,1400)
     ),


     DADOS_ANALITICOS AS (
         SELECT
             '#FFFFFF' AS BKCOLOR
              ,'#000000' AS FGCOLOR
              , ORDEMDRE
              , 3 AS GRAU
              , NOME_CLASSIFICADOR
              , CODNAT
              , UPPER(DESCRNAT) AS DESCRNAT
              , SUM(JANEIRO) AS JANEIRO
              , SUM(FEVEREIRO) AS FEVEREIRO
              , SUM(MARCO) AS MARCO
              , SUM(ABRIL) AS ABRIL
              , SUM(MAIO) AS MAIO
              , SUM(JUNHO) AS JUNHO
              , SUM(JULHO) AS JULHO
              , SUM(AGOSTO) AS AGOSTO
              , SUM(SETEMBRO) AS SETEMBRO
              , SUM(OUTUBRO) AS OUTUBRO
              , SUM(NOVEMBRO) AS NOVEMBRO
              , SUM(DEZEMBRO) AS DEZEMBRO
              , SUM(TOTAL) AS TOTAL
              , SUM(MEDIA) AS MEDIA
              , ABS(SUM((DADOS.TOTAL / RECEITA_LIQUIDA_TOTAL.TOTAL_RECEITA_LIQUIDA)) * 100) AS PERCENTUAL_RECEITA_LIQUIDA

         FROM DADOS, RECEITA_LIQUIDA_TOTAL
         GROUP BY NOME_CLASSIFICADOR, CODNAT, DESCRNAT, ORDEMDRE
     ),

     DADOS_SINTETICOS AS (
         SELECT
             '#C6DFF6' AS BKCOLOR
              ,'#000000' AS FGCOLOR
              , ORDEMDRE
              , 2 AS GRAU
              , NOME_CLASSIFICADOR
              , 333333 AS CODNAT
              , CASE WHEN NOME_CLASSIFICADOR IN ('Receita de Vendas', 'Receitas Financeiras') THEN UPPER('( + ) ' || NOME_CLASSIFICADOR) ELSE UPPER('( - ) ' || NOME_CLASSIFICADOR) END AS DESCRNAT
              , SUM(JANEIRO) AS JANEIRO
              , SUM(FEVEREIRO) AS FEVEREIRO
              , SUM(MARCO) AS MARCO
              , SUM(ABRIL) AS ABRIL
              , SUM(MAIO) AS MAIO
              , SUM(JUNHO) AS JUNHO
              , SUM(JULHO) AS JULHO
              , SUM(AGOSTO) AS AGOSTO
              , SUM(SETEMBRO) AS SETEMBRO
              , SUM(OUTUBRO) AS OUTUBRO
              , SUM(NOVEMBRO) AS NOVEMBRO
              , SUM(DEZEMBRO) AS DEZEMBRO
              , SUM(TOTAL) AS TOTAL
              , SUM(MEDIA) AS MEDIA
              , ABS(SUM((DADOS.TOTAL / RECEITA_LIQUIDA_TOTAL.TOTAL_RECEITA_LIQUIDA)) * 100) AS PERCENTUAL_RECEITA_LIQUIDA

         FROM DADOS, RECEITA_LIQUIDA_TOTAL
         GROUP BY NOME_CLASSIFICADOR, ORDEMDRE
     ),


     RECEITA_BRUTA AS (
         SELECT
             '#7AB6EA' AS BKCOLOR
              , '#000000' AS FGCOLOR
              , 1 AS ORDEMDRE
              , 1 AS GRAU
              , '' AS NOME_CLASSIFICADOR
              , -999999 AS CODNAT
              , '<b> ( = ) RECEITA BRUTA <b>' AS DESCRNAT
              , SUM(JANEIRO) AS JANEIRO
              , SUM(FEVEREIRO) AS FEVEREIRO
              , SUM(MARCO) AS MARCO
              , SUM(ABRIL) AS ABRIL
              , SUM(MAIO) AS MAIO
              , SUM(JUNHO) AS JUNHO
              , SUM(JULHO) AS JULHO
              , SUM(AGOSTO) AS AGOSTO
              , SUM(SETEMBRO) AS SETEMBRO
              , SUM(OUTUBRO) AS OUTUBRO
              , SUM(NOVEMBRO) AS NOVEMBRO
              , SUM(DEZEMBRO) AS DEZEMBRO
              , SUM(TOTAL) AS TOTAL
              , SUM(MEDIA) AS MEDIA
              , ABS(SUM((DADOS.TOTAL / RECEITA_LIQUIDA_TOTAL.TOTAL_RECEITA_LIQUIDA)) * 100) AS PERCENTUAL_RECEITA_LIQUIDA

         FROM DADOS, RECEITA_LIQUIDA_TOTAL
         WHERE CODAGRUP = 100
     ),

     RECEITA_LIQUIDA AS (
         SELECT
             '#7AB6EA' AS BKCOLOR
              , '#000000' AS FGCOLOR
              , 35 AS ORDEMDRE
              , 1 AS GRAU
              , '' AS NOME_CLASSIFICADOR
              , -999999 AS CODNAT
              , '<b> ( = ) RECEITA LIQUIDA </b>'
              , SUM(JANEIRO) AS JANEIRO
              , SUM(FEVEREIRO) AS FEVEREIRO
              , SUM(MARCO) AS MARCO
              , SUM(ABRIL) AS ABRIL
              , SUM(MAIO) AS MAIO
              , SUM(JUNHO) AS JUNHO
              , SUM(JULHO) AS JULHO
              , SUM(AGOSTO) AS AGOSTO
              , SUM(SETEMBRO) AS SETEMBRO
              , SUM(OUTUBRO) AS OUTUBRO
              , SUM(NOVEMBRO) AS NOVEMBRO
              , SUM(DEZEMBRO) AS DEZEMBRO
              , SUM(TOTAL) AS TOTAL
              , SUM(MEDIA) AS MEDIA
              , ABS(SUM((DADOS.TOTAL / RECEITA_LIQUIDA_TOTAL.TOTAL_RECEITA_LIQUIDA)) * 100) AS PERCENTUAL_RECEITA_LIQUIDA

         FROM DADOS, RECEITA_LIQUIDA_TOTAL
         WHERE CODAGRUP IN (100,200,1400)
     ),

     RESULTADO_BRUTO AS (
         SELECT
             '#7AB6EA' AS BKCOLOR
              , '#000000' AS FGCOLOR
              , 76 AS ORDEMDRE
              , 1 AS GRAU
              , '' AS NOME_CLASSIFICADOR
              , -999999 AS CODNAT
              , '<b> ( = ) RESULTADO BRUTO </b>'
              , SUM(JANEIRO) AS JANEIRO
              , SUM(FEVEREIRO) AS FEVEREIRO
              , SUM(MARCO) AS MARCO
              , SUM(ABRIL) AS ABRIL
              , SUM(MAIO) AS MAIO
              , SUM(JUNHO) AS JUNHO
              , SUM(JULHO) AS JULHO
              , SUM(AGOSTO) AS AGOSTO
              , SUM(SETEMBRO) AS SETEMBRO
              , SUM(OUTUBRO) AS OUTUBRO
              , SUM(NOVEMBRO) AS NOVEMBRO
              , SUM(DEZEMBRO) AS DEZEMBRO
              , SUM(TOTAL) AS TOTAL
              , SUM(MEDIA) AS MEDIA
              , ABS(SUM((DADOS.TOTAL / RECEITA_LIQUIDA_TOTAL.TOTAL_RECEITA_LIQUIDA)) * 100) AS PERCENTUAL_RECEITA_LIQUIDA

         FROM DADOS, RECEITA_LIQUIDA_TOTAL
         WHERE CODAGRUP IN (100,200,1400,-300, 300, 310, 320, 330, 340, 350, 360, 370, 380, 390, 400)
     ),

     RESULTADO_OPERACIONAL AS (
         SELECT
             '#7AB6EA' AS BKCOLOR
              , '#000000' AS FGCOLOR
              , 145 AS ORDEMDRE
              , 1 AS GRAU
              , '' AS NOME_CLASSIFICADOR
              , -999999 AS CODNAT
              , '<b> ( = ) RESULTADO OPERACIONAL </b>'
              , SUM(JANEIRO) AS JANEIRO
              , SUM(FEVEREIRO) AS FEVEREIRO
              , SUM(MARCO) AS MARCO
              , SUM(ABRIL) AS ABRIL
              , SUM(MAIO) AS MAIO
              , SUM(JUNHO) AS JUNHO
              , SUM(JULHO) AS JULHO
              , SUM(AGOSTO) AS AGOSTO
              , SUM(SETEMBRO) AS SETEMBRO
              , SUM(OUTUBRO) AS OUTUBRO
              , SUM(NOVEMBRO) AS NOVEMBRO
              , SUM(DEZEMBRO) AS DEZEMBRO
              , SUM(TOTAL) AS TOTAL
              , SUM(MEDIA) AS MEDIA
              , ABS(SUM((DADOS.TOTAL / RECEITA_LIQUIDA_TOTAL.TOTAL_RECEITA_LIQUIDA)) * 100) AS PERCENTUAL_RECEITA_LIQUIDA

         FROM DADOS, RECEITA_LIQUIDA_TOTAL
         WHERE CODAGRUP IN (100,200,1400,-300, 300, 310, 320, 330, 340, 350, 360, 370, 380, 390, 400, 510,520,530,540,550,560,570)
     ),

     RESULTADO AS (
         SELECT
             '#7AB6EA' AS BKCOLOR
              , '#000000' AS FGCOLOR
              , 999 AS ORDEMDRE
              , 1 AS GRAU
              , '' AS NOME_CLASSIFICADOR
              , 999999 AS CODNAT
              , '<b> ( = ) RESULTADO </b>'
              , SUM(JANEIRO) AS JANEIRO
              , SUM(FEVEREIRO) AS FEVEREIRO
              , SUM(MARCO) AS MARCO
              , SUM(ABRIL) AS ABRIL
              , SUM(MAIO) AS MAIO
              , SUM(JUNHO) AS JUNHO
              , SUM(JULHO) AS JULHO
              , SUM(AGOSTO) AS AGOSTO
              , SUM(SETEMBRO) AS SETEMBRO
              , SUM(OUTUBRO) AS OUTUBRO
              , SUM(NOVEMBRO) AS NOVEMBRO
              , SUM(DEZEMBRO) AS DEZEMBRO
              , SUM(TOTAL) AS TOTAL
              , SUM(MEDIA) AS MEDIA
              , ABS(SUM((DADOS.TOTAL / RECEITA_LIQUIDA_TOTAL.TOTAL_RECEITA_LIQUIDA)) * 100) AS PERCENTUAL_RECEITA_LIQUIDA

         FROM DADOS, RECEITA_LIQUIDA_TOTAL
         WHERE CODAGRUP IN (100,200,1400,-300, 300, 310, 320, 330, 340, 350, 360, 370, 380, 390, 400, 510,520,530,540,550,560,570,1100,1200,1300,9999)
     )

SELECT * FROM (SELECT *
               FROM DADOS_ANALITICOS
               UNION ALL
               SELECT *
               FROM DADOS_SINTETICOS
               UNION ALL
               SELECT *
               FROM RECEITA_BRUTA
               UNION ALL
               SELECT *
               FROM RECEITA_LIQUIDA
               UNION ALL
               SELECT *
               FROM RESULTADO_BRUTO
               UNION ALL
               SELECT *
               FROM RESULTADO_OPERACIONAL
               UNION ALL
               SELECT *
               FROM RESULTADO)
WHERE GRAU IN :P_GRAU
ORDER BY ORDEMDRE, GRAU, ABS(TOTAL) DESC]]></expression>
          <metadata>
            <field name="BKCOLOR" label="BKCOLOR" type="S" visible="false" useFooter="false"/>
            <field name="FGCOLOR" label="FGCOLOR" type="S" visible="false" useFooter="false"/>
            <field name="ORDEMDRE" label="ORDEMDRE" type="F" visible="false" useFooter="false"/>
            <field name="GRAU" label="Grau" type="F" visible="false" useFooter="false"/>
            <field name="NOME_CLASSIFICADOR" label="Nome Classificador" type="S" visible="false" useFooter="false"/>
            <field name="CODNAT" label="Cód. Natureza" type="I" visible="false" useFooter="false"/>
            <field name="DESCRNAT" label="Natureza" type="S" visible="true" useFooter="false"/>
            <field name="JANEIRO" label="Janeiro" type="F" visible="true" useFooter="false" mask="#.##0;(n)"/>
            <field name="FEVEREIRO" label="Fevereiro" type="F" visible="true" useFooter="false" mask="#.##0;(n)"/>
            <field name="MARCO" label="Março" type="F" visible="true" useFooter="false" mask="#.##0;(n)"/>
            <field name="ABRIL" label="Abril" type="F" visible="true" useFooter="false" mask="#.##0;(n)"/>
            <field name="MAIO" label="Maio" type="F" visible="true" useFooter="false" mask="#.##0;(n)"/>
            <field name="JUNHO" label="Junho" type="F" visible="true" useFooter="false" mask="#.##0;(n)"/>
            <field name="JULHO" label="Julho" type="F" visible="true" useFooter="false" mask="#.##0;(n)"/>
            <field name="AGOSTO" label="Agosto" type="F" visible="true" useFooter="false" mask="#.##0;(n)"/>
            <field name="SETEMBRO" label="Setembro" type="F" visible="true" useFooter="false" mask="#.##0;(n)"/>
            <field name="OUTUBRO" label="Outubro" type="F" visible="true" useFooter="false" mask="#.##0;(n)"/>
            <field name="NOVEMBRO" label="Novembro" type="F" visible="true" useFooter="false" mask="#.##0;(n)"/>
            <field name="DEZEMBRO" label="Dezembro" type="F" visible="true" useFooter="false" mask="#.##0;(n)"/>
            <field name="TOTAL" label="Total" type="F" visible="true" useFooter="false" mask="#.##0;(n)"/>
            <field name="MEDIA" label="Média" type="F" visible="true" useFooter="false" mask="#.##0;(n)"/>
            <field name="PERCENTUAL_RECEITA_LIQUIDA" label="A.V" type="F" visible="true" useFooter="false" mask="#.##0,00 %"/>
          </metadata>
          <on-click navigate-to="lvl_z6dg3q">
            <param id="A_NOME_CLASSIFICADOR">$NOME_CLASSIFICADOR</param>
          </on-click>
        </grid>
      </container>
      <container orientacao="V" tamanhoRelativo="193">
        <simple-value id="svl_aohi5ov">
          <value-expression><![CDATA[Abrir Validador]]></value-expression>
          <on-click navigate-to="lvl_aohi5ow"/>
        </simple-value>
      </container>
    </container>
  </level>
  <level id="lvl_z6dg3q" description="Dados">
    <args>
      <arg id="A_NOME_CLASSIFICADOR" type="text"/>
    </args>
    <container orientacao="V" tamanhoRelativo="100">
      <container orientacao="V" tamanhoRelativo="50">
        <grid id="grd_z6dg3r" multiplaSelecao="N" useNewGrid="S">
          <title><![CDATA[<br><p>Grupo: :A_NOME_CLASSIFICADOR</p>]]></title>
          <expression type="sql" data-source="MGEDS"><![CDATA[WITH DADOS AS (
    SELECT
        DRE.CODAGRUP AS CODAGRUP
         , DRE.NOME_CLASSIFICADOR
         , DRE.ORDEMDRE AS ORDEMDRE
         , DRE.CODNAT
         , DRE.DESCRNAT
         , NVL(SUM(CASE WHEN DRE.MES = 01 THEN DRE.VALOR END),0) AS JANEIRO
         , NVL(SUM(CASE WHEN DRE.MES = 02 THEN DRE.VALOR END),0) AS FEVEREIRO
         , NVL(SUM(CASE WHEN DRE.MES = 03 THEN DRE.VALOR END),0) AS MARCO
         , NVL(SUM(CASE WHEN DRE.MES = 04 THEN DRE.VALOR END),0) AS ABRIL
         , NVL(SUM(CASE WHEN DRE.MES = 05 THEN DRE.VALOR END),0) AS MAIO
         , NVL(SUM(CASE WHEN DRE.MES = 06 THEN DRE.VALOR END),0) AS JUNHO
         , NVL(SUM(CASE WHEN DRE.MES = 07 THEN DRE.VALOR END),0) AS JULHO
         , NVL(SUM(CASE WHEN DRE.MES = 08 THEN DRE.VALOR END),0) AS AGOSTO
         , NVL(SUM(CASE WHEN DRE.MES = 09 THEN DRE.VALOR END),0) AS SETEMBRO
         , NVL(SUM(CASE WHEN DRE.MES = 10 THEN DRE.VALOR END),0) AS OUTUBRO
         , NVL(SUM(CASE WHEN DRE.MES = 11 THEN DRE.VALOR END),0) AS NOVEMBRO
         , NVL(SUM(CASE WHEN DRE.MES = 12 THEN DRE.VALOR END),0) AS DEZEMBRO
         , NVL(SUM(DRE.VALOR),0) AS TOTAL
         , NVL(SUM(DRE.VALOR),0) / COUNT(DISTINCT TRUNC(DRE.DTREF, 'MM')) AS MEDIA

    FROM AD_SQA_DRE_GERENCIAL DRE

    WHERE DRE.DTREF BETWEEN :P_PERIODO.INI AND :P_PERIODO.FIN
      AND DRE.CODEMP IN :P_CODEMP
      AND DRE.CODCENCUS IN :P_CODCENCUS
      AND (DRE.NUFIN = :P_NUNOTA OR :P_NUNOTA IS NULL)

    GROUP BY
        DRE.CODAGRUP
           , DRE.ORDEMDRE
           , DRE.NOME_CLASSIFICADOR
           , DRE.CODNAT
           , DRE.DESCRNAT

    ORDER BY
        DRE.ORDEMDRE
           , DRE.CODNAT
),


     RECEITA_LIQUIDA_TOTAL AS (
         SELECT SUM(TOTAL) AS TOTAL_RECEITA_LIQUIDA
         FROM DADOS
         WHERE CODAGRUP IN (1400,100,200)
     )

SELECT
    '#FFFFFF' AS BKCOLOR
     ,'#000000' AS FGCOLOR
     , ORDEMDRE
     , 3 AS GRAU
     , NOME_CLASSIFICADOR
     , CODNAT
     , CODNAT || ' - ' || DESCRNAT AS DESCRNAT
     , SUM(JANEIRO) AS JANEIRO
     , SUM(FEVEREIRO) AS FEVEREIRO
     , SUM(MARCO) AS MARCO
     , SUM(ABRIL) AS ABRIL
     , SUM(MAIO) AS MAIO
     , SUM(JUNHO) AS JUNHO
     , SUM(JULHO) AS JULHO
     , SUM(AGOSTO) AS AGOSTO
     , SUM(SETEMBRO) AS SETEMBRO
     , SUM(OUTUBRO) AS OUTUBRO
     , SUM(NOVEMBRO) AS NOVEMBRO
     , SUM(DEZEMBRO) AS DEZEMBRO
     , SUM(TOTAL) AS TOTAL
     , SUM(MEDIA) AS MEDIA
     , ABS(SUM((DADOS.TOTAL / RECEITA_LIQUIDA_TOTAL.TOTAL_RECEITA_LIQUIDA)) * 100) AS PERCENTUAL_RECEITA_LIQUIDA

FROM DADOS, RECEITA_LIQUIDA_TOTAL
WHERE NOME_CLASSIFICADOR = :A_NOME_CLASSIFICADOR
GROUP BY NOME_CLASSIFICADOR, CODNAT, DESCRNAT, ORDEMDRE
ORDER BY ABS(TOTAL) DESC]]></expression>
          <metadata>
            <field name="BKCOLOR" label="BKCOLOR" type="S" visible="false" useFooter="false"/>
            <field name="FGCOLOR" label="FGCOLOR" type="S" visible="false" useFooter="false"/>
            <field name="ORDEMDRE" label="ORDEMDRE" type="F" visible="false" useFooter="false"/>
            <field name="GRAU" label="GRAU" type="F" visible="false" useFooter="false"/>
            <field name="NOME_CLASSIFICADOR" label="Nome Classificador" type="S" visible="false" useFooter="false"/>
            <field name="CODNAT" label="Cód. Natureza" type="I" visible="false" useFooter="false"/>
            <field name="DESCRNAT" label="Natureza" type="S" visible="true" useFooter="false"/>
            <field name="JANEIRO" label="Janeiro" type="I" visible="true" useFooter="SUM" mask="R$ #.##0"/>
            <field name="FEVEREIRO" label="Fevereiro" type="I" visible="true" useFooter="SUM" mask="R$ #.##0"/>
            <field name="MARCO" label="Março" type="I" visible="true" useFooter="SUM" mask="R$ #.##0"/>
            <field name="ABRIL" label="Abril" type="I" visible="true" useFooter="SUM" mask="R$ #.##0"/>
            <field name="MAIO" label="Maio" type="I" visible="true" useFooter="SUM" mask="R$ #.##0"/>
            <field name="JUNHO" label="Junho" type="I" visible="true" useFooter="SUM" mask="R$ #.##0"/>
            <field name="JULHO" label="Julho" type="I" visible="true" useFooter="SUM" mask="R$ #.##0"/>
            <field name="AGOSTO" label="Agosto" type="I" visible="true" useFooter="SUM" mask="R$ #.##0"/>
            <field name="SETEMBRO" label="Setembro" type="I" visible="true" useFooter="SUM" mask="R$ #.##0"/>
            <field name="OUTUBRO" label="Outubro" type="I" visible="true" useFooter="SUM" mask="R$ #.##0"/>
            <field name="NOVEMBRO" label="Novembro" type="I" visible="true" useFooter="SUM" mask="R$ #.##0"/>
            <field name="DEZEMBRO" label="Dezembro" type="I" visible="true" useFooter="SUM" mask="R$ #.##0"/>
            <field name="TOTAL" label="Total" type="I" visible="true" useFooter="SUM" mask="R$ #.##0"/>
            <field name="MEDIA" label="Média" type="I" visible="true" useFooter="SUM" mask="R$ #.##0"/>
            <field name="PERCENTUAL_RECEITA_LIQUIDA" label="A.V" type="F" visible="true" useFooter="false"/>
          </metadata>
          <on-click navigate-to="lvl_z6dg3q">
            <param id="A_NOME_CLASSIFICADOR"/>
          </on-click>
          <refresh-details ui-list="cht_z6dg36">
            <param id="A_NOME_CLASSIFICADOR">$NOME_CLASSIFICADOR</param>
            <param id="A_CODNAT">$CODNAT</param>
          </refresh-details>
        </grid>
      </container>
      <container orientacao="V" tamanhoRelativo="50">
        <chart id="cht_z6dg36" type="column" nroColuna="6">
          <args>
            <arg id="A_NOME_CLASSIFICADOR" type="text"/>
            <arg id="A_CODNAT" type="integer"/>
          </args>
          <title><![CDATA[Evolução por Natureza]]></title>
          <expression type="sql" data-source="MGEDS"><![CDATA[WITH DADOS_ATUAL AS (
    SELECT
        CODNAT
         , CODNAT || ' - ' || DESCRNAT AS DESCRNAT
         , MES
         , ANO
         , TO_CHAR(DTREF,'Mon') AS MES_2
         , NOME_CLASSIFICADOR
         , COALESCE(SUM(VALOR),0) AS VALOR_ATUAL

    FROM AD_SQA_DRE_GERENCIAL

    WHERE DTREF BETWEEN :P_PERIODO.INI AND :P_PERIODO.FIN
      AND CODEMP IN :P_CODEMP
      AND CODCENCUS IN :P_CODCENCUS
      AND (NUFIN = :P_NUNOTA OR :P_NUNOTA IS NULL)
      AND NOME_CLASSIFICADOR = :A_NOME_CLASSIFICADOR
      AND CODNAT = :A_CODNAT

    GROUP BY
        CODNAT
           , DESCRNAT
           , ANO
           , MES
           , TO_CHAR(DTREF, 'Mon')
           , NOME_CLASSIFICADOR
),

     DADOS_ANO_ANTERIOR AS (
         SELECT
             CODNAT
              , CODNAT || ' - ' || DESCRNAT AS DESCRNAT
              , MES
              , ANO
              , TO_CHAR(DTREF,'Mon') AS MES_2
              , NOME_CLASSIFICADOR
              , COALESCE(SUM(VALOR),0) AS VALOR_ANO_ANTERIOR

         FROM AD_SQA_DRE_GERENCIAL

         WHERE DTREF BETWEEN ADD_MONTHS(:P_PERIODO.INI, -12) AND ADD_MONTHS(:P_PERIODO.FIN, -12)
           AND CODEMP IN :P_CODEMP
           AND CODCENCUS IN :P_CODCENCUS
           AND NOME_CLASSIFICADOR = :A_NOME_CLASSIFICADOR
           AND (NUFIN = :P_NUNOTA OR :P_NUNOTA IS NULL)
           AND CODNAT = :A_CODNAT

         GROUP BY
             CODNAT
                , DESCRNAT
                , MES
                , ANO
                , TO_CHAR(DTREF, 'Mon')
                , NOME_CLASSIFICADOR
     )


SELECT
    COALESCE(A.CODNAT, B.CODNAT) AS CODNAT
     , COALESCE(A.DESCRNAT, B.DESCRNAT) AS DESCRNAT
     , COALESCE(A.MES, B.MES) AS MES
     , COALESCE(A.MES_2, B.MES_2) AS MES_2
     , COALESCE(A.ANO, B.ANO) AS ANO
     , COALESCE(A.NOME_CLASSIFICADOR, B.NOME_CLASSIFICADOR) AS NOME_CLASSIFICADOR
     , abs(A.VALOR_ATUAL) as VALOR_ATUAL
     , abs(B.VALOR_ANO_ANTERIOR) as VALOR_ANO_ANTERIO
FROM DADOS_ATUAL A
         FULL OUTER JOIN DADOS_ANO_ANTERIOR B ON A.CODNAT = B.CODNAT AND A.MES = B.MES AND A.NOME_CLASSIFICADOR = B.NOME_CLASSIFICADOR
ORDER BY 3]]></expression>
          <metadata>
            <field name="CODNAT" label="Cód. Natureza" type="I" visible="true" useFooter="false"/>
            <field name="DESCRNAT" label="Natureza" type="S" visible="true" useFooter="false"/>
            <field name="MES" label="Mês" type="S" visible="true" useFooter="false"/>
            <field name="MES_2" label="Mês " type="S" visible="true" useFooter="false"/>
            <field name="ANO" label="ANO" type="S" visible="true" useFooter="false"/>
            <field name="NOME_CLASSIFICADOR" label="Nome_Classificador" type="S" visible="true" useFooter="false"/>
            <field name="VALOR_ATUAL" label="Valor Atual" type="F" visible="true" useFooter="false" mask="#.##0"/>
            <field name="VALOR_ANO_ANTERIO" label="Valor Ano Anterior" type="F" visible="true" useFooter="false" mask="#.##0"/>
          </metadata>
          <horizontal-axis>
            <category field="" rotation="-45" dropLabel="false">
              <initView value="first"/>
            </category>
          </horizontal-axis>
          <vertical-axis>
            <linear resultRotation="-45" vResizing="true">
              <mask>#.##0,00;(n)</mask>
              <showStackLabels/>
            </linear>
          </vertical-axis>
          <series>
            <serie type="column">
              <xField>$MES_2</xField>
              <yField>$VALOR_ATUAL</yField>
              <display><![CDATA[Ano Atual <br> $DESCRNAT]]></display>
              <color>0x6666</color>
              <on-click navigate-to="lvl_z6dg41">
                <param id="A_NOMECLASSIFICADOR">$NOME_CLASSIFICADOR</param>
                <param id="A_MES">$MES</param>
                <param id="A_ANO">$ANO</param>
                <param id="A_CODNAT">$CODNAT</param>
              </on-click>
            </serie>
            <serie type="line" circle-intersection="true" show-tip="false">
              <xField>$MES_2</xField>
              <yField>$VALOR_ANO_ANTERIO</yField>
              <display><![CDATA[Ano Anterior]]></display>
              <color>0x0</color>
              <on-click navigate-to="lvl_z6dg41"/>
            </serie>
          </series>
          <legend position="top" direction="v"/>
        </chart>
      </container>
    </container>
  </level>
  <level id="lvl_z6dg41" description="Dados2">
    <args>
      <arg id="A_NOMECLASSIFICADOR" type="text" order="0"/>
      <arg id="A_MES" type="integer" order="2"/>
      <arg id="A_ANO" type="text" order="3"/>
      <arg id="A_CODNAT" type="integer"/>
    </args>
    <container orientacao="V" tamanhoRelativo="100">
      <grid id="grd_z6dg42" useNewGrid="S">
        <title><![CDATA[<br> Ano: :A_ANO <br> Mês: :A_MES <br> Grupo: :A_NOMECLASSIFICADOR <br> Natureza: :A_CODNAT]]></title>
        <expression type="sql" data-source="MGEDS"><![CDATA[SELECT NUFIN, (SELECT MAX(NUNOTA) FROM TGFFIN WHERE NUFIN = AD_SQA_DRE_GERENCIAL.NUFIN) AS NUNOTA, NUMNOTA, DTREF, MES, ANO, CODEMP, CODEMPMATRIZ, CODPARC, (SELECT RAZAOSOCIAL FROM TGFPAR WHERE CODPARC = AD_SQA_DRE_GERENCIAL.CODPARC) AS PARCEIRO, CODTIPOPER, CODNAT, DESCRNAT, CODCENCUS, (SELECT DESCRCENCUS FROM TSICUS WHERE CODCENCUS = AD_SQA_DRE_GERENCIAL.CODCENCUS) AS CENTRORESULTADO, CODPROJ, (SELECT IDENTIFICACAO FROM TCSPRJ WHERE CODPROJ = AD_SQA_DRE_GERENCIAL.CODPROJ) AS PROJETO, VALOR, ORIGEM, CODAGRUP, NOME_CLASSIFICADOR, ORDEMDRE, (SELECT HISTORICO FROM TGFFIN WHERE NUFIN = AD_SQA_DRE_GERENCIAL.NUFIN) AS HISTORICO FROM AD_SQA_DRE_GERENCIALWHERE DTREF BETWEEN :P_PERIODO.INI AND :P_PERIODO.FIN  AND CODEMP IN :P_CODEMP  AND CODCENCUS IN :P_CODCENCUS  AND (NUFIN = :P_NUNOTA OR :P_NUNOTA IS NULL)  AND NOME_CLASSIFICADOR = :A_NOME_CLASSIFICADOR  AND CODNAT = :A_CODNAT  AND MES = :A_MES  AND ANO = :A_ANOORDER BY 17 DESC]]></expression>
        <metadata>
          <field name="NUFIN" label="Nro Único Financeiro" type="I" visible="true" useFooter="false"/>
          <field name="NUNOTA" label="Nro Único Portal" type="I" visible="true" useFooter="false"/>
          <field name="NUMNOTA" label="Nfe" type="I" visible="true" useFooter="false"/>
          <field name="DTREF" label="Dt. Referencia" type="D" visible="true" useFooter="false"/>
          <field name="MES" label="Mês" type="S" visible="true" useFooter="false"/>
          <field name="ANO" label="Ano" type="S" visible="true" useFooter="false"/>
          <field name="CODEMP" label="Cód. Empresa" type="I" visible="true" useFooter="false"/>
          <field name="CODEMPMATRIZ" label="Cód. Empresa Matriz" type="I" visible="false" useFooter="false"/>
          <field name="CODPARC" label="Cód. Parceiro" type="I" visible="true" useFooter="false"/>
          <field name="PARCEIRO" label="Parceiro" type="S" visible="true" useFooter="false"/>
          <field name="CODTIPOPER" label="Cód. Top" type="I" visible="false" useFooter="false"/>
          <field name="CODNAT" label="Cód. Natureza" type="I" visible="false" useFooter="false"/>
          <field name="DESCRNAT" label="Natureza" type="S" visible="true" useFooter="false"/>
          <field name="CODCENCUS" label="Cód. Cr" type="I" visible="false" useFooter="false"/>
          <field name="CENTRORESULTADO" label="Centro de Resultado" type="S" visible="true" useFooter="false"/>
          <field name="CODPROJ" label="Cód. Projeto" type="I" visible="false" useFooter="false"/>
          <field name="PROJETO" label="Projeto" type="S" visible="true" useFooter="false"/>
          <field name="VALOR" label="Valor" type="F" visible="true" useFooter="SUM" mask="R$ #.##0,00"/>
          <field name="ORIGEM" label="Origem" type="S" visible="true" useFooter="false"/>
          <field name="CODAGRUP" label="Cód. Agrupador" type="I" visible="false" useFooter="false"/>
          <field name="NOME_CLASSIFICADOR" label="Nome Classificador " type="S" visible="false" useFooter="false"/>
          <field name="ORDEMDRE" label="Ordenador" type="I" visible="false" useFooter="false"/>
          <field name="HISTORICO" label="HISTORICO" type="S" visible="true" useFooter="false"/>
        </metadata>
        <on-click-launcher resource-id="br.com.sankhya.fin.cad.movimentacaoFinanceira">
          <NUFIN>$NUFIN</NUFIN>
        </on-click-launcher>
      </grid>
    </container>
  </level>
  <level id="lvl_aohi5ow" description="Validador">
    <container orientacao="V" tamanhoRelativo="100">
      <container orientacao="V" tamanhoRelativo="24100">
        <grid id="grd_aohi5ox" useNewGrid="S">
          <title><![CDATA[Todos os Lançamentos]]></title>
          <expression type="sql" data-source="MGEDS"><![CDATA[SELECT NUFIN AS NROUNICO,       NUMNOTA,       (SELECT MAX(NUNOTA) FROM TGFFIN WHERE NUFIN = SQA.NUFIN) AS NUNOTA,       DTREF,       CODEMP,       (SELECT RAZAOSOCIAL FROM TSIEMP EMP WHERE EMP.CODEMP = SQA.CODEMP) AS EMPRESA,       CODPARC,       (SELECT NOMEPARC FROM TGFPAR PAR WHERE PAR.CODPARC = SQA.CODPARC) AS PARCEIRO,       CODTIPOPER,       CODCENCUS,       (SELECT DESCRCENCUS FROM TSICUS CUS WHERE CUS.CODCENCUS = SQA.CODCENCUS) AS DESCRCENCUS,       ORIGEM,       CODNAT,       DESCRNAT,       CODAGRUP,       NOME_CLASSIFICADOR,       VALOR  FROM AD_SQA_DRE_GERENCIAL SQA WHERE DTREF BETWEEN :P_PERIODO.INI AND :P_PERIODO.FIN   AND CODEMP IN :P_CODEMP   AND CODCENCUS IN :P_CODCENCUS]]></expression>
          <metadata>
            <field name="NROUNICO" label="Nro. Único Financeiro" type="I" visible="true" useFooter="false"/>
            <field name="NUMNOTA" label="Nro Nota" type="I" visible="true" useFooter="false"/>
            <field name="NUNOTA" label="Nro Único Portal" type="I" visible="true" useFooter="false"/>
            <field name="DTREF" label="Data" type="D" visible="true" useFooter="false"/>
            <field name="CODEMP" label="Cód. Emp." type="I" visible="true" useFooter="false"/>
            <field name="EMPRESA" label="Empresa" type="S" visible="true" useFooter="false"/>
            <field name="CODPARC" label="Cód. Parc." type="I" visible="true" useFooter="false"/>
            <field name="PARCEIRO" label="Parceiro" type="S" visible="true" useFooter="false"/>
            <field name="CODTIPOPER" label="TOP" type="I" visible="true" useFooter="false"/>
            <field name="CODCENCUS" label="Cód. CR" type="I" visible="true" useFooter="false"/>
            <field name="DESCRCENCUS" label="Centro de Resultado" type="S" visible="true" useFooter="false"/>
            <field name="ORIGEM" label="Origem" type="S" visible="true" useFooter="false"/>
            <field name="CODNAT" label="Cód. Nat." type="I" visible="true" useFooter="false"/>
            <field name="DESCRNAT" label="Natureza" type="S" visible="true" useFooter="false"/>
            <field name="CODAGRUP" label="Cód. Agrupador" type="I" visible="true" useFooter="false"/>
            <field name="NOME_CLASSIFICADOR" label="Agrupador" type="S" visible="true" useFooter="false"/>
            <field name="VALOR" label="Valor" type="F" visible="true" useFooter="SUM" mask="R$ #.##0,00"/>
          </metadata>
        </grid>
      </container>
      <container orientacao="V" tamanhoRelativo="20700">
        <grid id="grd_r5039o" useNewGrid="S">
          <title><![CDATA[Naturezas que não estão na DRE]]></title>
          <expression type="sql" data-source="MGEDS"><![CDATA[SELECT CODNAT, DESCRNAT, CODNATPAI, GRAU, ATIVA, ANALITICA, AD_CODAGRUP, (SELECT OPCAO FROM TDDOPC WHERE NUCAMPO = (SELECT NUCAMPO FROM TDDCAM WHERE NOMETAB = 'TGFNAT'  AND NOMECAMPO = 'AD_CODAGRUP') AND VALOR = NAT.AD_CODAGRUP) AS NOME_CLASSIFICADOR, AD_COMPOEDREFROM TGFNAT NAT WHERE ANALITICA = 'S' AND CODNAT > 0 AND (AD_CODAGRUP IS NULL OR AD_CODAGRUP = 0)UNION ALLSELECT CODNAT, DESCRNAT, CODNATPAI, GRAU, ATIVA, ANALITICA, AD_CODAGRUP, (SELECT OPCAO FROM TDDOPC WHERE NUCAMPO = (SELECT NUCAMPO FROM TDDCAM WHERE NOMETAB = 'TGFNAT'  AND NOMECAMPO = 'AD_CODAGRUP') AND VALOR = NAT.AD_CODAGRUP) AS NOME_CLASSIFICADOR, AD_COMPOEDREFROM TGFNAT NAT WHERE ANALITICA = 'S' AND CODNAT > 0 AND AD_COMPOEDRE = 'N'ORDER BY 1 ASC]]></expression>
          <metadata>
            <field name="CODNAT" label="Cód. Natureza" type="I" visible="true" useFooter="false"/>
            <field name="DESCRNAT" label="Natureza" type="S" visible="true" useFooter="false"/>
            <field name="CODNATPAI" label="Natureza Pai" type="I" visible="true" useFooter="false"/>
            <field name="GRAU" label="Grau" type="I" visible="true" useFooter="false"/>
            <field name="ATIVA" label="Ativa" type="S" visible="true" useFooter="false"/>
            <field name="ANALITICA" label="Analitica" type="S" visible="true" useFooter="false"/>
            <field name="AD_CODAGRUP" label="Cód. Agrupador" type="I" visible="true" useFooter="false"/>
            <field name="NOME_CLASSIFICADOR" label="Classificador SQA" type="S" visible="true" useFooter="false"/>
            <field name="AD_COMPOEDRE" label="Compõe DRE" type="S" visible="true" useFooter="false"/>
          </metadata>
        </grid>
      </container>
    </container>
  </level>
</gadget>