<gadget>
  <prompt-parameters>
    <parameter id="P_DTREFERENCIA" description="Data de Referencia" metadata="date" required="true" keep-last="true" keep-date="false" order="0"/>
    <parameter id="CODEMP" description="Empresa" metadata="multiList:Text" listType="sql" required="true" keep-last="true" keep-date="false" order="1">
      <expression type="SQL"><![CDATA[SELECT EMP.CODEMP AS VALUE,  CODEMP||'-'||NOMEFANTASIA AS LABELFROM TSIEMP EMP  ORDER BY 1]]></expression>
    </parameter>
  </prompt-parameters>
  <level id="lvl_ayz7l23" description="Principal">
    <container orientacao="V" tamanhoRelativo="100">
      <grid id="grd_ayz7l24" useNewGrid="S">
        <expression type="sql" data-source="MGEDS"><![CDATA[SELECTX.*, NVL((TOTAL_MOVIMETNO - X.VLR_CONTABIL),0) AS DIFERENCA, (CASE WHEN (TOTAL_MOVIMETNO - X.VLR_CONTABIL) <> 0 THEN '#A30000' ELSE '#000000' END) AS FGCOLORFROM(SELECT    Z.DTREFERENCIA    , Z.CODEMP    , Z.CODNAT    , Z.DESCRNAT    , Z.CODCTACTB    , Z.CONTA_CONTABIL    , NVL(SUM(CASE WHEN Z.ORIGEM = 'PORTAL' THEN Z.VLRNOTA ELSE 0 END),0) AS VLRNOTA_PORTAL    , NVL(SUM(CASE WHEN Z.ORIGEM = 'FINANCEIRO' THEN Z.VLRNOTA ELSE 0 END),0) AS VLRNOTA_FINANCEIRO    /*, SUM(CASE WHEN Z.ORIGEM = 'BAIXA' THEN Z.VLRNOTA ELSE 0 END) AS VLRNOTA_BAIXA*/    , NVL(SUM(Z.VLRNOTA),0) AS TOTAL_MOVIMETNO    , NVL((SELECT                 SUM(CASE WHEN LAN.TIPLANC = 'R' THEN LAN.VLRLANC ELSE LAN.VLRLANC * (-1) END)                FROM TCBINT I                RIGHT JOIN TCBLAN LAN ON             LAN.CODEMP = I.CODEMP             AND LAN.REFERENCIA = I.REFERENCIA            AND LAN.NUMLANC = I.NUMLANC            AND LAN.TIPLANC = I.TIPLANC            AND LAN.NUMLOTE = I.NUMLOTE            WHERE I.CODEMP = Z.CODEMP            AND I.REFERENCIA = Z.DTREFERENCIA            AND LAN.CODCTACTB = Z.CODCTACTB),0) AS VLR_CONTABIL                    FROM         (SELECT        CAB.NUNOTA        , CAB.NUMNOTA        , 'PORTAL' AS ORIGEM        , TO_CHAR(trunc(CAB.DTNEG, 'mm'), 'DD/MM/YYYY') AS DTREFERENCIA       /* , TO_CHAR(CAB.DTNEG - (TO_NUMBER(TO_CHAR(CAB.DTNEG, 'DD')) - 1), 'DD/MM/YYYY') AS DTREFERENCIA*/        , CAB.DTENTSAI        , CAB.DTNEG        , CAB.CODEMP        , CAB.CODPARC        , CAB.CODTIPOPER        , CAB.CODNAT        , NAT.DESCRNAT        , NAT.CODCTACTB         , (SELECT DESCRCTA FROM TCBPLA WHERE CODCTACTB = NAT.CODCTACTB) AS CONTA_CONTABIL        , NAT.CODCTACTB2 AS CODCTACTB_2        , (SELECT DESCRCTA FROM TCBPLA WHERE CODCTACTB = NAT.CODCTACTB2) AS CONTA_CONTABIL_2        , CASE            WHEN CAB.TIPMOV = 'V' THEN CAB.VLRNOTA * (1)             WHEN CAB.TIPMOV = 'D' THEN CAB.VLRNOTA * (-1)             WHEN CAB.TIPMOV = 'C' THEN (CAB.VLRNOTA + (SELECT SUM(IMN.VALOR) FROM TGFIMN IMN WHERE IMN.NUNOTA = CAB.NUNOTA)) * (-1)             WHEN CAB.TIPMOV = 'E' THEN (CAB.VLRNOTA + (SELECT SUM(IMN.VALOR) FROM TGFIMN IMN WHERE IMN.NUNOTA = CAB.NUNOTA)) * (1)            ELSE 0        END AS VLRNOTA                FROM  TGFCAB CAB        INNER JOIN TGFNAT NAT ON NAT.CODNAT = CAB.CODNAT                WHERE             CAB.STATUSNOTA = 'L'            AND CAB.TIPMOV IN ('V','C','D','E')                                UNION ALL                    SELECT        FIN.NUFIN        , FIN.NUMNOTA        , 'FINANCEIRO' AS ORIGEM        , TO_CHAR(trunc(FIN.DTNEG, 'mm'), 'DD/MM/YYYY') AS DTREFERENCIA        , FIN.DTENTSAI        , FIN.DTNEG        , FIN.CODEMP        , FIN.CODPARC        , FIN.CODTIPOPER        , FIN.CODNAT        , NAT.DESCRNAT        , NAT.CODCTACTB         , (SELECT DESCRCTA FROM TCBPLA WHERE CODCTACTB = NAT.CODCTACTB) AS CONTA_CONTABIL        , NAT.CODCTACTB2 AS CODCTACTB_2        , (SELECT DESCRCTA FROM TCBPLA WHERE CODCTACTB = NAT.CODCTACTB2) AS CONTA_CONTABIL_2        , FIN.VLRDESDOB * RECDESP                FROM  TGFFIN FIN        INNER JOIN TGFNAT NAT ON NAT.CODNAT = FIN.CODNAT                WHERE             FIN.ORIGEM IN ('F','P')                 AND FIN.RECDESP <> 0                    /*UNION ALL                    SELECT        FIN.NUFIN        , FIN.NUMNOTA        , 'BAIXA' AS ORIGEM        , TO_CHAR(FIN.DHBAIXA - (TO_NUMBER(TO_CHAR(FIN.DHBAIXA, 'DD')) - 1), 'DD/MM/YYYY') AS DTREFERENCIA        , FIN.DTENTSAI        , FIN.DTNEG        , FIN.CODEMP        , FIN.CODPARC        , FIN.CODTIPOPER        , FIN.CODNAT        , NAT.DESCRNAT        , NAT.CODCTACTB         , (SELECT DESCRCTA FROM TCBPLA WHERE CODCTACTB = NAT.CODCTACTB) AS CONTA_CONTABIL        , NAT.CODCTACTB2 AS CODCTACTB_2        , (SELECT DESCRCTA FROM TCBPLA WHERE CODCTACTB = NAT.CODCTACTB2) AS CONTA_CONTABIL_2        , FIN.VLRDESDOB * FIN.RECDESP                FROM  TGFFIN FIN        INNER JOIN TGFNAT NAT ON NAT.CODNAT = FIN.CODNAT                WHERE             FIN.ORIGEM IN ('F','P')              AND FIN.DHBAIXA IS NOT NULL             AND NVL(FIN.NUBCO,0) <> 0*/        )Z        WHERE Z.CODEMP IN :CODEMP    AND Z.DTREFERENCIA = :P_DTREFERENCIA            GROUP BY Z.DTREFERENCIA    , Z.CODEMP    , Z.CODNAT    , Z.DESCRNAT    , Z.CODCTACTB    , Z.CONTA_CONTABIL)X        ORDER BY FGCOLOR]]></expression>
        <metadata>
          <field name="DTREFERENCIA" label="Dt. Referencia" type="S" visible="true" useFooter="false"/>
          <field name="CODEMP" label="Empresa" type="I" visible="true" useFooter="false"/>
          <field name="CODNAT" label="Cód. Natureza" type="I" visible="true" useFooter="false"/>
          <field name="DESCRNAT" label="Natureza" type="S" visible="true" useFooter="false"/>
          <field name="CODCTACTB" label="Cód. Conta Contabil" type="I" visible="true" useFooter="false"/>
          <field name="CONTA_CONTABIL" label="Conta Contabil" type="S" visible="true" useFooter="false"/>
          <field name="VLRNOTA_PORTAL" label="Vlr. Nota Portal" type="F" visible="true" useFooter="SUM" mask="R$ #.##0,00"/>
          <field name="VLRNOTA_FINANCEIRO" label="Vlr. Financeiro" type="F" visible="true" useFooter="SUM" mask="R$ #.##0,00"/>
          <field name="TOTAL_MOVIMETNO" label="Total Movimento" type="F" visible="true" useFooter="SUM" mask="R$ #.##0,00"/>
          <field name="VLR_CONTABIL" label="Vlr. Contabil" type="F" visible="true" useFooter="SUM" mask="R$ #.##0,00"/>
          <field name="DIFERENCA" label="Diferença" type="I" visible="true" useFooter="SUM" mask="R$ #.##0,00"/>
          <field name="FGCOLOR" label="FGCOLOR" type="S" visible="true" useFooter="false"/>
        </metadata>
        <on-click navigate-to="lvl_ay9bsfw">
          <param id="A_CODNAT">$CODNAT</param>
        </on-click>
      </grid>
    </container>
  </level>
  <level id="lvl_ay9bsfw" description="Subnível">
    <args>
      <arg id="A_CODNAT" type="integer"/>
    </args>
    <container orientacao="V" tamanhoRelativo="100">
      <container orientacao="V" tamanhoRelativo="33">
        <simple-value id="svl_ay9bsh8">
          <expression type="sql" data-source="MGEDS"><![CDATA[SELECTX.TOTAL_MOVIMETNO, X.VLR_CONTABIL, (TOTAL_MOVIMETNO - X.VLR_CONTABIL) AS DIFERENCAFROM(SELECT    Z.DTREFERENCIA    , Z.CODEMP    , Z.CODNAT    , Z.DESCRNAT    , Z.CODCTACTB    , Z.CONTA_CONTABIL    , SUM(CASE WHEN Z.ORIGEM = 'PORTAL' THEN Z.VLRNOTA ELSE 0 END) AS VLRNOTA_PORTAL    , SUM(CASE WHEN Z.ORIGEM = 'FINANCEIRO' THEN Z.VLRNOTA ELSE 0 END) AS VLRNOTA_FINANCEIRO    , SUM(CASE WHEN Z.ORIGEM = 'BAIXA' THEN Z.VLRNOTA ELSE 0 END) AS VLRNOTA_BAIXA    , SUM(Z.VLRNOTA) AS TOTAL_MOVIMETNO    , ISNULL((SELECT                 SUM(CASE WHEN LAN.TIPLANC = 'R' THEN LAN.VLRLANC ELSE LAN.VLRLANC * (-1) END)                FROM TCBINT I                RIGHT JOIN TCBLAN LAN ON             LAN.CODEMP = I.CODEMP             AND LAN.REFERENCIA = I.REFERENCIA            AND LAN.NUMLANC = I.NUMLANC            AND LAN.TIPLANC = I.TIPLANC            AND LAN.NUMLOTE = I.NUMLOTE            WHERE I.CODEMP = Z.CODEMP            AND I.REFERENCIA = Z.DTREFERENCIA            AND LAN.CODCTACTB = Z.CODCTACTB),0) AS VLR_CONTABIL                    FROM         (SELECT        CAB.NUNOTA        , CAB.NUMNOTA        , 'PORTAL' AS ORIGEM        , CONVERT(VARCHAR, CAB.DTNEG - DAY(CAB.DTNEG) + 1, 103) as DTREFERENCIA        , CAB.DTENTSAI        , CAB.DTNEG        , CAB.CODEMP        , CAB.CODPARC        , CAB.CODTIPOPER        , CAB.CODNAT        , NAT.DESCRNAT        , NAT.CODCTACTB         , (SELECT DESCRCTA FROM TCBPLA WHERE CODCTACTB = NAT.CODCTACTB) AS CONTA_CONTABIL        , NAT.CODCTACTB2 AS CODCTACTB_2        , (SELECT DESCRCTA FROM TCBPLA WHERE CODCTACTB = NAT.CODCTACTB2) AS CONTA_CONTABIL_2        , CASE            WHEN CAB.TIPMOV = 'V' THEN CAB.VLRNOTA * (1)             WHEN CAB.TIPMOV = 'D' THEN CAB.VLRNOTA * (-1)             WHEN CAB.TIPMOV = 'C' THEN (CAB.VLRNOTA + (SELECT SUM(IMN.VALOR) FROM TGFIMN IMN WHERE IMN.NUNOTA = CAB.NUNOTA)) * (-1)             WHEN CAB.TIPMOV = 'E' THEN (CAB.VLRNOTA + (SELECT SUM(IMN.VALOR) FROM TGFIMN IMN WHERE IMN.NUNOTA = CAB.NUNOTA)) * (1)            ELSE 0        END AS VLRNOTA                FROM  TGFCAB CAB        INNER JOIN TGFNAT NAT ON NAT.CODNAT = CAB.CODNAT                WHERE             CAB.STATUSNOTA = 'L'            AND CAB.TIPMOV IN ('V','C','D','E')                                UNION ALL                    SELECT        FIN.NUFIN        , FIN.NUMNOTA        , 'FINANCEIRO' AS ORIGEM        , CONVERT(VARCHAR, FIN.DTNEG - DAY(FIN.DTNEG) + 1, 103) as DTREFERENCIA        , FIN.DTENTSAI        , FIN.DTNEG        , FIN.CODEMP        , FIN.CODPARC        , FIN.CODTIPOPER        , FIN.CODNAT        , NAT.DESCRNAT        , NAT.CODCTACTB         , (SELECT DESCRCTA FROM TCBPLA WHERE CODCTACTB = NAT.CODCTACTB) AS CONTA_CONTABIL        , NAT.CODCTACTB2 AS CODCTACTB_2        , (SELECT DESCRCTA FROM TCBPLA WHERE CODCTACTB = NAT.CODCTACTB2) AS CONTA_CONTABIL_2        , FIN.VLRDESDOB * RECDESP                FROM  TGFFIN FIN        INNER JOIN TGFNAT NAT ON NAT.CODNAT = FIN.CODNAT                WHERE             FIN.ORIGEM IN ('F','P')                 AND FIN.RECDESP <> 0            AND FIN.CODTIPOPER <> 107                    UNION ALL                    SELECT        FIN.NUFIN        , FIN.NUMNOTA        , 'BAIXA' AS ORIGEM        , CONVERT(VARCHAR, FIN.DHBAIXA - DAY(FIN.DHBAIXA) + 1, 103) as DTREFERENCIA        , FIN.DTENTSAI        , FIN.DTNEG        , FIN.CODEMP        , FIN.CODPARC        , FIN.CODTIPOPER        , FIN.CODNAT        , NAT.DESCRNAT        , NAT.CODCTACTB         , (SELECT DESCRCTA FROM TCBPLA WHERE CODCTACTB = NAT.CODCTACTB) AS CONTA_CONTABIL        , NAT.CODCTACTB2 AS CODCTACTB_2        , (SELECT DESCRCTA FROM TCBPLA WHERE CODCTACTB = NAT.CODCTACTB2) AS CONTA_CONTABIL_2        , FIN.VLRDESDOB * FIN.RECDESP                FROM  TGFFIN FIN        INNER JOIN TGFNAT NAT ON NAT.CODNAT = FIN.CODNAT                WHERE             FIN.ORIGEM IN ('F','P')              AND FIN.DHBAIXA IS NOT NULL             AND ISNULL(FIN.NUBCO,0) <> 0            AND FIN.CODTIPOPERBAIXA = 203            AND FIN.CODTIPOPER IN (422, 439)            AND FIN.CODNAT IN (12021700, 12021800, 12021900, 12022000)            AND FIN.CODTIPOPER <> 107        )Z        WHERE Z.CODEMP = 408    AND Z.DTREFERENCIA = :P_DTREFERENCIA    AND Z.CODNAT = :A_CODNAT            GROUP BY Z.DTREFERENCIA    , Z.CODEMP    , Z.CODNAT    , Z.DESCRNAT    , Z.CODCTACTB    , Z.CONTA_CONTABIL)X]]></expression>
          <metadata>
            <field name="TOTAL_MOVIMETNO" label="Total Movimento" type="F" visible="true" useFooter="false" mask="R$ #.##0,00"/>
            <field name="VLR_CONTABIL" label="Total Contábil" type="F" visible="true" useFooter="false" mask="R$ #.##0,00"/>
            <field name="DIFERENCA" label="Diferença" type="F" visible="true" useFooter="false" mask="R$ #.##0,00"/>
          </metadata>
          <value-expression><![CDATA[<div><b>Total dos Movimento:</b> $TOTAL_MOVIMETNO<b>Total Contábil:</b> $VLR_CONTABIL<b>Diferença: </b><span style='color: #FF0000;'>$DIFERENCA</span></div>]]></value-expression>
        </simple-value>
      </container>
      <container orientacao="V" tamanhoRelativo="33">
        <grid id="grd_ay9bsfx" useNewGrid="S">
          <args>
            <arg id="A_ORIGEM" type="text"/>
          </args>
          <title><![CDATA[Origem Portal]]></title>
          <expression type="sql" data-source="MGEDS"><![CDATA[SELECT    Z.* FROM         (SELECT        CAB.NUNOTA        , CAB.NUMNOTA        , 'PORTAL' AS ORIGEM        , CONVERT(VARCHAR, CAB.DTNEG - DAY(CAB.DTNEG) + 1, 103) as DTREFERENCIA        , CAB.DTENTSAI        , CAB.DTNEG        , CAB.CODEMP        , CAB.CODPARC        , CAB.CODTIPOPER        , CAB.CODNAT        , NAT.DESCRNAT        , NAT.CODCTACTB         , (SELECT DESCRCTA FROM TCBPLA WHERE CODCTACTB = NAT.CODCTACTB) AS CONTA_CONTABIL        , NAT.CODCTACTB2 AS CODCTACTB_2        , (SELECT DESCRCTA FROM TCBPLA WHERE CODCTACTB = NAT.CODCTACTB2) AS CONTA_CONTABIL_2        , CASE            WHEN CAB.TIPMOV = 'V' THEN CAB.VLRNOTA * (1)             WHEN CAB.TIPMOV = 'D' THEN CAB.VLRNOTA * (-1)             WHEN CAB.TIPMOV = 'C' THEN (CAB.VLRNOTA + (SELECT SUM(IMN.VALOR) FROM TGFIMN IMN WHERE IMN.NUNOTA = CAB.NUNOTA)) * (-1)             WHEN CAB.TIPMOV = 'E' THEN (CAB.VLRNOTA + (SELECT SUM(IMN.VALOR) FROM TGFIMN IMN WHERE IMN.NUNOTA = CAB.NUNOTA)) * (1)            ELSE 0        END AS VLRNOTA        , CASE WHEN (SELECT COUNT(*) FROM TCBINT T WHERE T.ORIGEM = 'E' AND T.NUNICO = CAB.NUNOTA) > 0 THEN 'S' ELSE 'N' END CONTABILIZADO                FROM  TGFCAB CAB        INNER JOIN TGFNAT NAT ON NAT.CODNAT = CAB.CODNAT                WHERE             CAB.STATUSNOTA = 'L'            AND CAB.TIPMOV IN ('V','C','D','E')                                UNION ALL                    SELECT        FIN.NUFIN        , FIN.NUMNOTA        , 'FINANCEIRO' AS ORIGEM        , CONVERT(VARCHAR, FIN.DTNEG - DAY(FIN.DTNEG) + 1, 103) as DTREFERENCIA        , FIN.DTENTSAI        , FIN.DTNEG        , FIN.CODEMP        , FIN.CODPARC        , FIN.CODTIPOPER        , FIN.CODNAT        , NAT.DESCRNAT        , NAT.CODCTACTB         , (SELECT DESCRCTA FROM TCBPLA WHERE CODCTACTB = NAT.CODCTACTB) AS CONTA_CONTABIL        , NAT.CODCTACTB2 AS CODCTACTB_2        , (SELECT DESCRCTA FROM TCBPLA WHERE CODCTACTB = NAT.CODCTACTB2) AS CONTA_CONTABIL_2        , FIN.VLRDESDOB * RECDESP        , CASE WHEN (SELECT COUNT(*) FROM TCBINT T WHERE T.ORIGEM = 'E' AND T.NUNICO = FIN.NUFIN) > 0 THEN 'S' ELSE 'N' END CONTABILIZADO                FROM  TGFFIN FIN        INNER JOIN TGFNAT NAT ON NAT.CODNAT = FIN.CODNAT                WHERE             FIN.ORIGEM IN ('F','P')                AND FIN.RECDESP <> 0            AND FIN.CODTIPOPER <> 107                    UNION ALL                    SELECT        FIN.NUFIN        , FIN.NUMNOTA        , 'BAIXA' AS ORIGEM        , CONVERT(VARCHAR, FIN.DHBAIXA - DAY(FIN.DHBAIXA) + 1, 103) as DTREFERENCIA        , FIN.DTENTSAI        , FIN.DTNEG        , FIN.CODEMP        , FIN.CODPARC        , FIN.CODTIPOPER        , FIN.CODNAT        , NAT.DESCRNAT        , NAT.CODCTACTB         , (SELECT DESCRCTA FROM TCBPLA WHERE CODCTACTB = NAT.CODCTACTB) AS CONTA_CONTABIL        , NAT.CODCTACTB2 AS CODCTACTB_2        , (SELECT DESCRCTA FROM TCBPLA WHERE CODCTACTB = NAT.CODCTACTB2) AS CONTA_CONTABIL_2        , FIN.VLRDESDOB * RECDESP        , CASE WHEN (SELECT COUNT(*) FROM TCBINT T WHERE T.ORIGEM = 'E' AND T.NUNICO = FIN.NUFIN) > 0 THEN 'S' ELSE 'N' END CONTABILIZADO                FROM  TGFFIN FIN        INNER JOIN TGFNAT NAT ON NAT.CODNAT = FIN.CODNAT                WHERE             FIN.ORIGEM IN ('F','P')            AND FIN.DHBAIXA IS NOT NULL             AND ISNULL(FIN.NUBCO,0) <> 0            AND FIN.CODTIPOPERBAIXA = 203            AND FIN.CODTIPOPER IN (422, 439)            AND FIN.CODNAT IN (12021700, 12021800, 12021900, 12022000)            AND FIN.CODTIPOPER <> 107        )ZWHERE Z.CODEMP = 408AND Z.DTREFERENCIA = :P_DTREFERENCIAAND Z.CODNAT = :A_CODNATAND Z.ORIGEM = 'PORTAL']]></expression>
          <metadata>
            <field name="NUNOTA" label="Nro Único" type="I" visible="true" useFooter="false"/>
            <field name="NUMNOTA" label="Nro Nota" type="I" visible="true" useFooter="false"/>
            <field name="ORIGEM" label="Origem" type="S" visible="true" useFooter="false"/>
            <field name="DTREFERENCIA" label="Dt. Referencia" type="S" visible="true" useFooter="false"/>
            <field name="DTENTSAI" label="Dt. Ent. Saída" type="D" visible="true" useFooter="false"/>
            <field name="DTNEG" label="Dt. Negociação" type="D" visible="true" useFooter="false"/>
            <field name="CODEMP" label="Cód. Empresa" type="I" visible="true" useFooter="false"/>
            <field name="CODPARC" label="Cód. Parceiro" type="I" visible="true" useFooter="false"/>
            <field name="CODTIPOPER" label="Cód. Top" type="I" visible="true" useFooter="false"/>
            <field name="CODNAT" label="Cód. Nat" type="I" visible="true" useFooter="false"/>
            <field name="DESCRNAT" label="Natureza" type="S" visible="true" useFooter="false"/>
            <field name="CODCTACTB" label="Cód. Conta" type="I" visible="true" useFooter="false"/>
            <field name="CONTA_CONTABIL" label="Conta Contabil" type="S" visible="true" useFooter="false"/>
            <field name="CODCTACTB_2" label="Cód. Conta 2" type="I" visible="true" useFooter="false"/>
            <field name="CONTA_CONTABIL_2" label="Conta Contábil 2" type="S" visible="true" useFooter="false"/>
            <field name="VLRNOTA" label="Vlr Nota" type="F" visible="true" useFooter="SUM" mask="R$ #.##0,00"/>
            <field name="CONTABILIZADO" label="Contabilizado" type="S" visible="true" useFooter="false"/>
          </metadata>
        </grid>
      </container>
      <container orientacao="V" tamanhoRelativo="33">
        <grid id="grd_ay9bsh4" useNewGrid="S">
          <args>
            <arg id="A_ORIGEM" type="text"/>
          </args>
          <title><![CDATA[Origem Financeira]]></title>
          <expression type="sql" data-source="MGEDS"><![CDATA[SELECT    Z.* FROM         (SELECT        CAB.NUNOTA        , CAB.NUMNOTA        , 'PORTAL' AS ORIGEM        , CONVERT(VARCHAR, CAB.DTNEG - DAY(CAB.DTNEG) + 1, 103) as DTREFERENCIA        , CAB.DTENTSAI        , CAB.DTNEG        , CAB.CODEMP        , CAB.CODPARC        , CAB.CODTIPOPER        , CAB.CODNAT        , NAT.DESCRNAT        , NAT.CODCTACTB         , (SELECT DESCRCTA FROM TCBPLA WHERE CODCTACTB = NAT.CODCTACTB) AS CONTA_CONTABIL        , NAT.CODCTACTB2 AS CODCTACTB_2        , (SELECT DESCRCTA FROM TCBPLA WHERE CODCTACTB = NAT.CODCTACTB2) AS CONTA_CONTABIL_2        , CASE            WHEN CAB.TIPMOV = 'V' THEN CAB.VLRNOTA * (1)             WHEN CAB.TIPMOV = 'D' THEN CAB.VLRNOTA * (-1)             WHEN CAB.TIPMOV = 'C' THEN (CAB.VLRNOTA + (SELECT SUM(IMN.VALOR) FROM TGFIMN IMN WHERE IMN.NUNOTA = CAB.NUNOTA)) * (-1)             WHEN CAB.TIPMOV = 'E' THEN (CAB.VLRNOTA + (SELECT SUM(IMN.VALOR) FROM TGFIMN IMN WHERE IMN.NUNOTA = CAB.NUNOTA)) * (1)            ELSE 0        END AS VLRNOTA        , CASE WHEN (SELECT COUNT(*) FROM TCBINT T WHERE T.ORIGEM = 'E' AND T.NUNICO = CAB.NUNOTA) > 0 THEN 'S' ELSE 'N' END AS CONTABILIZADO                FROM  TGFCAB CAB        INNER JOIN TGFNAT NAT ON NAT.CODNAT = CAB.CODNAT                WHERE             CAB.STATUSNOTA = 'L'            AND CAB.TIPMOV IN ('V','C','D','E')                                UNION ALL                    SELECT        FIN.NUFIN        , FIN.NUMNOTA        , FIN.ORIGEM        , CONVERT(VARCHAR, FIN.DTNEG - DAY(FIN.DTNEG) + 1, 103) as DTREFERENCIA        , FIN.DTENTSAI        , FIN.DTNEG        , FIN.CODEMP        , FIN.CODPARC        , FIN.CODTIPOPER        , FIN.CODNAT        , NAT.DESCRNAT        , NAT.CODCTACTB         , (SELECT DESCRCTA FROM TCBPLA WHERE CODCTACTB = NAT.CODCTACTB) AS CONTA_CONTABIL        , NAT.CODCTACTB2 AS CODCTACTB_2        , (SELECT DESCRCTA FROM TCBPLA WHERE CODCTACTB = NAT.CODCTACTB2) AS CONTA_CONTABIL_2        , FIN.VLRDESDOB * FIN.RECDESP        , CASE WHEN (SELECT COUNT(*) FROM TCBINT T WHERE T.ORIGEM = 'E' AND T.NUNICO = FIN.NUFIN) > 0 THEN 'S' ELSE 'N' END AS CONTABILIZADO                FROM  TGFFIN FIN        INNER JOIN TGFNAT NAT ON NAT.CODNAT = FIN.CODNAT                WHERE             FIN.ORIGEM IN ('F','P')             AND FIN.RECDESP <> 0            AND FIN.CODTIPOPER <> 107                    UNION ALL                    SELECT        FIN.NUFIN        , FIN.NUMNOTA        , 'B' AS ORIGEM        , CONVERT(VARCHAR, FIN.DHBAIXA - DAY(FIN.DHBAIXA) + 1, 103) as DTREFERENCIA        , FIN.DTENTSAI        , FIN.DTNEG        , FIN.CODEMP        , FIN.CODPARC        , FIN.CODTIPOPER        , FIN.CODNAT        , NAT.DESCRNAT        , NAT.CODCTACTB         , (SELECT DESCRCTA FROM TCBPLA WHERE CODCTACTB = NAT.CODCTACTB) AS CONTA_CONTABIL        , NAT.CODCTACTB2 AS CODCTACTB_2        , (SELECT DESCRCTA FROM TCBPLA WHERE CODCTACTB = NAT.CODCTACTB2) AS CONTA_CONTABIL_2        , FIN.VLRDESDOB * FIN.RECDESP        , CASE WHEN (SELECT COUNT(*) FROM TCBINT T WHERE T.ORIGEM = 'E' AND T.NUNICO = FIN.NUFIN) > 0 THEN 'S' ELSE 'N' END AS CONTABILIZADO                FROM  TGFFIN FIN        INNER JOIN TGFNAT NAT ON NAT.CODNAT = FIN.CODNAT                WHERE             FIN.ORIGEM IN ('F','P')            AND FIN.DHBAIXA IS NOT NULL             AND ISNULL(FIN.NUBCO,0) <> 0            AND FIN.CODTIPOPERBAIXA = 203            AND FIN.CODTIPOPER IN (422, 439)            AND FIN.CODNAT IN (12021700, 12021800, 12021900, 12022000)            AND FIN.CODTIPOPER <> 107        )ZWHERE Z.CODEMP = 408AND Z.DTREFERENCIA = :P_DTREFERENCIAAND Z.CODNAT = :A_CODNATAND Z.ORIGEM IN ('F','P','B')]]></expression>
          <metadata>
            <field name="NUNOTA" label="Nro Único" type="I" visible="true" useFooter="false"/>
            <field name="NUMNOTA" label="Nro Nota" type="I" visible="true" useFooter="false"/>
            <field name="ORIGEM" label="Origem" type="S" visible="true" useFooter="false"/>
            <field name="DTREFERENCIA" label="Dt. Referencia" type="S" visible="true" useFooter="false"/>
            <field name="DTENTSAI" label="Dt. Ent. Saída" type="D" visible="true" useFooter="false"/>
            <field name="DTNEG" label="Dt. Negociação" type="D" visible="true" useFooter="false"/>
            <field name="CODEMP" label="Cód. Empresa" type="I" visible="true" useFooter="false"/>
            <field name="CODPARC" label="Cód. Parceiro" type="I" visible="true" useFooter="false"/>
            <field name="CODTIPOPER" label="Cód. Top" type="I" visible="true" useFooter="false"/>
            <field name="CODNAT" label="Cód. Nat" type="I" visible="true" useFooter="false"/>
            <field name="DESCRNAT" label="Natureza" type="S" visible="true" useFooter="false"/>
            <field name="CODCTACTB" label="Cód. Conta" type="I" visible="true" useFooter="false"/>
            <field name="CONTA_CONTABIL" label="Conta Contabil" type="S" visible="true" useFooter="false"/>
            <field name="CODCTACTB_2" label="Cód. Conta 2" type="I" visible="true" useFooter="false"/>
            <field name="CONTA_CONTABIL_2" label="Conta Contábil 2" type="S" visible="true" useFooter="false"/>
            <field name="VLRNOTA" label="Vlr Nota" type="F" visible="true" useFooter="SUM" mask="R$ #.##0,00"/>
            <field name="CONTABILIZADO" label="Contabilizado" type="S" visible="true" useFooter="false"/>
          </metadata>
        </grid>
      </container>
    </container>
  </level>
</gadget>