<gadget>
  <prompt-parameters>
    <parameter id="P_CODEMP" description="Empresa" metadata="multiList:Text" listType="sql" required="true"
      keep-last="true" keep-date="false" order="0">
      <expression type="SQL">
        <![CDATA[SELECT EMP.CODEMP AS VALUE,  CODEMP ||'-'|| NOMEFANTASIA AS LABEL
FROM TSIEMP EMP  
ORDER BY 1]]>
      </expression>
    </parameter>
    <parameter id="P_PERIODO" description="Periodo" metadata="datePeriod" required="true" keep-last="true"
      keep-date="false" order="1" />
    <parameter id="P_CUSTO" description="Tipo de Custo" metadata="singleList:Text" listType="text" required="true"
      keep-last="true" keep-date="false" order="2">
      <item value="0" label="Custo de Reposição" />
      <item value="1" label="Custo Gerencial" />
      <item value="2" label="Custo Variavel" />
      <item value="3" label="Custo Méido sem Icms" />
      <item value="4" label="Custo Médio com Icms" />
    </parameter>
  </prompt-parameters>
  <level id="lvl_4b9c55" description="Principal">
    <container orientacao="V" tamanhoRelativo="100">
      <container orientacao="H" tamanhoRelativo="50">
        <container orientacao="V" tamanhoRelativo="40300">
          <container orientacao="V" tamanhoRelativo="193">
            <container orientacao="V" tamanhoRelativo="50">
              <grid id="grd_4b9c56" useNewGrid="S">
                <title>
                  <![CDATA[Notas por Itens]]>
                </title>
                <expression type="sql" data-source="MGEDS">
                  <![CDATA[SELECT 
CAB.CODEMP
, CAB.NUNOTA
, CAB.NUMNOTA
, CAB.DTNEG
, CAB.DTENTSAI
, CAB.CODPARC
, PAR.RAZAOSOCIAL
, CAB.CODTIPOPER
, TTP.DESCROPER
, CAB.CODNAT
, NAT.DESCRNAT
, (CASE WHEN (SELECT COUNT(*) FROM TCBINT T WHERE T.ORIGEM = 'E' AND T.NUNICO = CAB.NUNOTA) > 0 THEN 'GREEN' ELSE 'RED' END) AS CONTABILIZADO
, SUM(COALESCE(SQA_OBTEMCUSTO(ITE.CODPROD, (SELECT LOGICO FROM TSIPAR WHERE CHAVE = 'CUSTOPOREMP'), CAB.CODEMP, (SELECT LOGICO FROM TSIPAR WHERE CHAVE = 'CUSTOPORLOC'), ITE.CODLOCALORIG
, (SELECT LOGICO FROM TSIPAR WHERE CHAVE = 'CUSTOPORCONT'), ITE.CONTROLE, CAB.DTNEG, :P_CUSTO) * ITE.QTDNEG,0) 
* (CASE WHEN CAB.TIPMOV = 'V' THEN 1 ELSE -1 END)) AS CUSTO_TOTAL
, (SUM(ITE.VLRTOT - ITE.VLRDESC - ITE.VLRREPRED + ITE.VLRSUBST + ITE.VLRIPI) + CAB.VLRFRETE)*TTP.GOLDEV AS VLRTOT


FROM TGFCAB CAB
INNER JOIN TGFITE ITE ON CAB.NUNOTA = ITE.NUNOTA
INNER JOIN TGFTOP TTP ON CAB.CODTIPOPER = TTP.CODTIPOPER AND CAB.DHTIPOPER = TTP.DHALTER
INNER JOIN TGFNAT NAT ON CAB.CODNAT = NAT.CODNAT
INNER JOIN TGFPAR PAR ON CAB.CODPARC = PAR.CODPARC


WHERE CAB.STATUSNOTA = 'L'
AND CAB.STATUSNFE = 'A'
AND CAB.TIPMOV IN ('V','D')
AND CAB.DTNEG BETWEEN :P_PERIODO.INI AND :P_PERIODO.FIN
AND CAB.CODEMP IN :P_CODEMP

GROUP BY
CAB.CODEMP
, CAB.NUNOTA
, CAB.NUMNOTA
, CAB.DTNEG
, CAB.DTENTSAI
, CAB.CODPARC
, PAR.RAZAOSOCIAL
, CAB.CODTIPOPER
, TTP.DESCROPER
, CAB.CODNAT
, NAT.DESCRNAT
, CAB.VLRFRETE
, TTP.GOLDEV
]]>
                </expression>
                <metadata>
                  <field name="CODEMP" label="Cód. Empresa" type="I" visible="true" useFooter="false" />
                  <field name="NUNOTA" label="Nro Único" type="I" visible="true" useFooter="false" />
                  <field name="NUMNOTA" label="Nro Nota" type="I" visible="true" useFooter="false" />
                  <field name="DTNEG" label="Dt. Negociação" type="D" visible="true" useFooter="false" />
                  <field name="DTENTSAI" label="Dt. Entrada Saída" type="D" visible="true" useFooter="false" />
                  <field name="CODPARC" label="Cód. Parceiro" type="I" visible="true" useFooter="false" />
                  <field name="RAZAOSOCIAL" label="Parceiro" type="S" visible="true" useFooter="false" />
                  <field name="CODTIPOPER" label="Cód. Top" type="I" visible="true" useFooter="false" />
                  <field name="DESCROPER" label="Top" type="S" visible="true" useFooter="false" />
                  <field name="CODNAT" label="Cód. Nat" type="I" visible="true" useFooter="false" />
                  <field name="DESCRNAT" label="Natureza" type="S" visible="true" useFooter="false" />
                  <field name="CONTABILIZADO" label="Contabilizado" type="L" visible="true" useFooter="false" />
                  <field name="CUSTO_TOTAL" label="Custo" type="F" visible="true" useFooter="SUM" mask="#.##0,00;(n)" />
                  <field name="VLRTOT" label="Valor" type="F" visible="true" useFooter="SUM" mask="#.##0,00;(n)" />
                </metadata>
                <on-click-launcher resource-id="br.com.sankhya.com.mov.CentralNotas">
                  <NUNOTA>$NUNOTA</NUNOTA>
                </on-click-launcher>
                <refresh-details ui-list="grd_7odr1c">
                  <param id="A_NUNICO">$NUNOTA</param>
                </refresh-details>
              </grid>
            </container>
          </container>
          <container orientacao="V" tamanhoRelativo="107">
            <grid id="grd_7odr1c" useNewGrid="S">
              <args>
                <arg id="A_NUNICO" type="integer" />
              </args>
              <title>
                <![CDATA[Lançamento Contábil]]>
              </title>
              <expression type="sql" data-source="MGEDS">
                <![CDATA[SELECT * FROM AD_VW_RAZAO_ANALITICO
WHERE NUNICO = :A_NUNICO
AND ORIGEM = 'E']]>
              </expression>
              <metadata>
                <field name="ORIGEM" label="Origem" type="S" visible="false" useFooter="false" />
                <field name="NUNICO" label="Nro Único" type="I" visible="false" useFooter="false" />
                <field name="CODCTACTB" label="Cód. Conta Contábil" type="I" visible="true" useFooter="false" />
                <field name="CODCENCUS" label="Cód. CR" type="I" visible="false" useFooter="false" />
                <field name="CODPROJ" label="Cód. Projeto" type="I" visible="false" useFooter="false" />
                <field name="CTACTB" label="Conta" type="S" visible="true" useFooter="false" />
                <field name="DESCRCTA" label="Conta Contábil" type="S" visible="true" useFooter="false" />
                <field name="DATAREG" label="Data Lançamento" type="D" visible="true" useFooter="false" />
                <field name="NUMLOTE" label="Nro. Lote" type="I" visible="true" useFooter="false" />
                <field name="CODTIPOPER" label="Cód. Top" type="I" visible="false" useFooter="false" />
                <field name="CODTIPOPERBAIXA" label="Cód. Top Baixa" type="I" visible="false" useFooter="false" />
                <field name="CODPARC" label="Cód. Parceiro" type="I" visible="false" useFooter="false" />
                <field name="RAZAOSOCIAL" label="Razão Social" type="S" visible="false" useFooter="false" />
                <field name="CODEMP" label="Cód. Empresa" type="I" visible="false" useFooter="false" />
                <field name="CODEMPCTB" label="Cód. Emp. Ctbz" type="I" visible="false" useFooter="false" />
                <field name="SEQUENCIA" label="Sequencia" type="I" visible="false" useFooter="false" />
                <field name="TIPLANC" label="Tipo Lcto" type="S" visible="false" useFooter="false" />
                <field name="NUMLANC" label="Nro. Lançamento" type="I" visible="true" useFooter="false" />
                <field name="REFERENCIA" label="Referencia" type="D" visible="false" useFooter="false" />
                <field name="DTMOV" label="Dt. Movimento" type="D" visible="false" useFooter="false" />
                <field name="CODCONPAR" label="Cod. Contra Partida" type="I" visible="false" useFooter="false" />
                <field name="NUMNOTA" label="Nro. Nota" type="I" visible="false" useFooter="false" />
                <field name="COMPLHIST" label="Descrição" type="S" visible="true" useFooter="false" />
                <field name="CODEMPORIG" label="Cód. Emp. Origem" type="I" visible="false" useFooter="false" />
                <field name="VLRCREDITO" label="Vlr. Crédito" type="F" visible="true" useFooter="SUM"
                  mask="#.##0,00;(n)">
                  <formatter greaterThan="0">
                    <![CDATA[<span style="color:#0000DB">
  <b>$VALUE</b>
</span>]]>
                  </formatter>
                </field>
                <field name="VLRDEBITO" label="Vlr. Débito" type="F" visible="true" useFooter="SUM" mask="#.##0,00;(n)">
                  <formatter greaterThan="0">
                    <![CDATA[<span style="color:#990000">
  <b>$VALUE</b>
</span>]]>
                  </formatter>
                </field>
              </metadata>
              <on-click-launcher resource-id="br.com.sankhya.mgecontab.mov.lancamentos.contabeis" />
            </grid>
          </container>
        </container>
      </container>
    </container>
  </level>
</gadget>
