<gadget>
  <prompt-parameters>
    <parameter id="PERIODO" description="Periodo" metadata="datePeriod" required="true" keep-last="true" keep-date="false" order="0"/>
    <parameter id="CODEMP" description="Empresa" metadata="multiList:Text" listType="sql" required="false" keep-last="true" keep-date="false" order="1">
      <expression type="SQL"><![CDATA[SELECT CODEMP AS VALUE,

TO_CHAR(CODEMP) || ' - ' || NOMEFANTASIA AS LABEL

FROM TSIEMP WHERE CODEMP < 100 ORDER BY 1]]></expression>
    </parameter>
  </prompt-parameters>
  <level id="lvl_avlxlmj" description="Principal">
    <container orientacao="V" tamanhoRelativo="100">
      <grid id="grd_avlxlmk" useNewGrid="S">
        <expression type="sql" data-source="MGEDS"><![CDATA[SELECT PAR.RAZAOSOCIAL
	, PAR.CGC_CPF
	, CAB.CODEMP
	, CAB.NUNOTA
	, CAB.NUMNOTA
	, CAB.DTENTSAI
	, CAB.DTNEG
	, CAB.CODNAT
	, NAT.DESCRNAT
	, IMN.BASE AS BASE
	, IMN.ALIQUOTA AS ALIQUOTA
	, IMN.VALOR AS VALOR
	, IMN.CODIMP AS CODIGO
	, CASE WHEN IMN.TIPOIMPOSTO = 0 THEN 'OUTROS'
		WHEN IMN.TIPOIMPOSTO = 1 THEN 'ICMS'
		WHEN IMN.TIPOIMPOSTO = 2 THEN 'ST'
		WHEN IMN.TIPOIMPOSTO = 3 THEN 'IPI'
		WHEN IMN.TIPOIMPOSTO = 4 THEN 'ISS'
		WHEN IMN.TIPOIMPOSTO = 5 THEN 'INSS'
		WHEN IMN.TIPOIMPOSTO = 6 THEN 'PIS'
		WHEN IMN.TIPOIMPOSTO = 7 THEN 'COFINS'
		WHEN IMN.TIPOIMPOSTO = 8 THEN 'IRF'
		WHEN IMN.TIPOIMPOSTO = 9 THEN 'CSLL'
		WHEN IMN.TIPOIMPOSTO = 10 THEN 'GILRAT'
		WHEN IMN.TIPOIMPOSTO = 11 THEN 'SENAR'
	ELSE 'INDEFINIDO' END AS TIPOIMPOSTO
	, (SELECT MIN(DHBAIXA) FROM TGFFIN WHERE NUNOTA = CAB.NUNOTA) AS DT_PAG
	
FROM TGFCAB CAB INNER JOIN TGFPAR PAR ON CAB.CODPARC = PAR.CODPARC 
				INNER JOIN TSIEMP EMP ON CAB.CODEMP = EMP.CODEMP
				INNER JOIN TGFIMN IMN ON CAB.NUNOTA = IMN.NUNOTA
				INNER JOIN TGFNAT NAT ON NAT.CODNAT = CAB.CODNAT

WHERE 
   CAB.TIPMOV = 'C'
   AND CAB.DTENTSAI >= :PERIODO.INI
   AND CAB.DTENTSAI <= :PERIODO.FIN
   AND EMP.CODEMP IN :CODEMP

UNION ALL /*IRRF*/

SELECT PAR.RAZAOSOCIAL
	, PAR.CGC_CPF
	, CAB.CODEMP
	, CAB.NUNOTA
	, CAB.NUMNOTA
	, CAB.DTENTSAI
	, CAB.DTNEG
	, CAB.CODNAT
	, NAT.DESCRNAT
	, CAB.BASEIRF AS BASE
	, CAB.ALIQIRF AS ALIQUOTA
	, CAB.VLRIRF AS VALOR
	, 0 AS CODIGO
	, 'IRF'
	, (SELECT MIN(DHBAIXA) FROM TGFFIN WHERE NUNOTA = CAB.NUNOTA) AS DT_PAG
	
FROM TGFCAB CAB INNER JOIN TGFPAR PAR ON CAB.CODPARC = PAR.CODPARC 
				INNER JOIN TSIEMP EMP ON CAB.CODEMP = EMP.CODEMP
				INNER JOIN TGFNAT NAT ON NAT.CODNAT = CAB.CODNAT

WHERE 
   CAB.TIPMOV = 'C'
   AND CAB.DTENTSAI >= :PERIODO.INI
   AND CAB.DTENTSAI <= :PERIODO.FIN
   AND EMP.CODEMP IN :CODEMP
   AND CAB.VLRIRF <> 0
   
	
UNION ALL /*INSS*/

SELECT PAR.RAZAOSOCIAL
	, PAR.CGC_CPF
	, CAB.CODEMP
	, CAB.NUNOTA
	, CAB.NUMNOTA
	, CAB.DTENTSAI
	, CAB.DTNEG
	, CAB.CODNAT
	, NAT.DESCRNAT
	, CAB.BASEINSS AS BASE
	, 0 AS ALIQUOTA
	, CAB.VLRINSS AS VALOR
	, 0 AS CODIGO
	, 'INSS'
	, (SELECT MIN(DHBAIXA) FROM TGFFIN WHERE NUNOTA = CAB.NUNOTA) AS DT_PAG
	
FROM TGFCAB CAB INNER JOIN TGFPAR PAR ON CAB.CODPARC = PAR.CODPARC 
				INNER JOIN TSIEMP EMP ON CAB.CODEMP = EMP.CODEMP
				INNER JOIN TGFNAT NAT ON NAT.CODNAT = CAB.CODNAT

WHERE 
   CAB.TIPMOV = 'C'
   AND CAB.DTENTSAI >= :PERIODO.INI
   AND CAB.DTENTSAI <= :PERIODO.FIN
   AND EMP.CODEMP IN :CODEMP
   AND CAB.VLRINSS <> 0
  
	
UNION ALL /*ISS*/

SELECT PAR.RAZAOSOCIAL
	, PAR.CGC_CPF
	, CAB.CODEMP
	, CAB.NUNOTA
	, CAB.NUMNOTA
	, CAB.DTENTSAI
	, CAB.DTNEG
	, CAB.CODNAT
	, NAT.DESCRNAT
	, CAB.BASEISS AS BASE
	, 0 AS ALIQUOTA
	, CAB.VLRISS AS VALOR
	, 0 AS CODIGO
	, 'ISS'
	, (SELECT MIN(DHBAIXA) FROM TGFFIN WHERE NUNOTA = CAB.NUNOTA) AS DT_PAG
	
FROM TGFCAB CAB INNER JOIN TGFPAR PAR ON CAB.CODPARC = PAR.CODPARC 
				INNER JOIN TSIEMP EMP ON CAB.CODEMP = EMP.CODEMP
				INNER JOIN TGFNAT NAT ON NAT.CODNAT = CAB.CODNAT

WHERE 
   CAB.TIPMOV = 'C'
   AND CAB.DTENTSAI >= :PERIODO.INI
   AND CAB.DTENTSAI <= :PERIODO.FIN
   AND EMP.CODEMP IN :CODEMP
   AND CAB.VLRISS <> 0
   
ORDER BY 
1, 6, 5, 3
]]></expression>
        <metadata>
          <field name="RAZAOSOCIAL" label="Razão Social" type="S" visible="true" useFooter="false"/>
          <field name="CGC_CPF" label="CPF / CNPJ" type="S" visible="true" useFooter="false"/>
          <field name="CODEMP" label="Cód. Empresa" type="I" visible="true" useFooter="false"/>
          <field name="NUNOTA" label="Nro Unico" type="I" visible="true" useFooter="false"/>
          <field name="NUMNOTA" label="Nro Nota" type="I" visible="true" useFooter="false"/>
          <field name="DTENTSAI" label="Dt. Ent. Sai" type="D" visible="true" useFooter="false"/>
          <field name="DTNEG" label="Dt. Negociacao" type="D" visible="true" useFooter="false"/>
          <field name="CODNAT" label="Cod. Natureza" type="I" visible="true" useFooter="false"/>
          <field name="DESCRNAT" label="Natureza" type="S" visible="true" useFooter="false"/>
          <field name="BASE" label="Base" type="F" visible="true" useFooter="false" mask="#.##0,00"/>
          <field name="ALIQUOTA" label="Alíquota" type="F" visible="true" useFooter="false" mask="#.##0,00 %"/>
          <field name="VALOR" label="Valor" type="F" visible="true" useFooter="SUM" mask="#.##0,00"/>
          <field name="CODIGO" label="Código" type="I" visible="true" useFooter="false"/>
          <field name="TIPOIMPOSTO" label="Tip. Imposto" type="S" visible="true" useFooter="false"/>
          <field name="DT_PAG" label="Data. Pagto" type="D" visible="true" useFooter="false"/>
        </metadata>
        <on-click-launcher resource-id="br.com.sankhya.com.mov.CentralNotas">
          <NUNOTA>$NUNOTA</NUNOTA>
        </on-click-launcher>
      </grid>
    </container>
  </level>
</gadget>