<gadget>
  <prompt-parameters>
    <parameter id="CODEMP" description="Cód. Empresa" metadata="multiList:Text" listType="sql" required="true" keep-last="true" keep-date="false" order="0">
      <expression type="SQL"><![CDATA[SELECT EMP.CODEMP AS VALUE, TO_CHAR(CODEMP) ||' - '|| NOMEFANTASIA AS LABEL FROM TSIEMP EMP WHERE CODEMP < 100 ORDER BY CODEMP]]></expression>
    </parameter>
    <parameter id="DHMOV" description="Dt. Movimento" metadata="datePeriod" required="true" keep-last="true" keep-date="false" order="1"/>
  </prompt-parameters>
  <level id="lvl_ah9cd9i" description="Principal">
    <container orientacao="V" tamanhoRelativo="100">
      <container orientacao="H" tamanhoRelativo="116">
        <container orientacao="V" tamanhoRelativo="279">
          <simple-value id="svl_asifp80">
            <value-expression><![CDATA[<h1 align="center">Conferencia Movimentos Fiscais ICMS e IPI</h1><style>h1{  margin-left: 15%;	text-align: center;	vertical-align: top;	margin: 0 1.5%;	font-weight: bold;   padding: 40px 0;text-decoration: underline;}img {  position: relative;display: flex;justify-content: center;align-items: center;}.button {        text-align: center;        width: 60%;        height: 12vh;        margin-left: 20%;        font-size: 4.0vh;        font-style: bold;        color: white;        text-shadow: #000 1px 1px 10px;        border: transparent;        background-color: white;        border-radius: 10px 50px;    }    .bt7 {        background: linear-gradient(90deg, rgba(48, 96, 78, 1) 0%, rgba(37, 74, 59, 1) 50%, rgba(25, 51, 41, 1) 100%);box-shadow: rgba(50, 50, 93, 0.25) 0px 6px 12px -2px, rgba(0, 0, 0, 0.3) 0px 3px 7px -3px;    }    @font-face {        font-family: 'Oswald';        src: url('https://fonts.googleapis.com/css2?family=Oswald:wght@700&display=swap');    }</style>]]></value-expression>
          </simple-value>
        </container>
      </container>
      <container orientacao="V" tamanhoRelativo="103">
        <simple-value id="svl_ah9cd9k">
          <value-expression><![CDATA[<html><body><div class="texto"></div><button class="button bt7">Conferencia Entradas</button></div></body></html>]]></value-expression>
          <on-click navigate-to="lvl_ah9ceac"/>
        </simple-value>
      </container>
      <container orientacao="V" tamanhoRelativo="165">
        <simple-value id="svl_ah9cd9l">
          <value-expression><![CDATA[<html><body><div class="texto"></div><button class="button bt7">Conferencia Saídas</button></div></body></html>]]></value-expression>
          <on-click navigate-to="lvl_ah9ceaq"/>
        </simple-value>
      </container>
    </container>
  </level>
  <level id="lvl_ah9ceac" description="Entradas">
    <container orientacao="V" tamanhoRelativo="100">
      <grid id="grd_ah9cead" useNewGrid="S">
        <expression type="sql" data-source="MGEDS"><![CDATA[SELECT LIV.CODEMP,CAB.CODTIPOPER,TTP.DESCROPER,TTP.ATUALLIVFIS,CAB.TIPMOV,ITE.CONTROLE,LIV.DHMOV,LIV.CODPARC,PAR.CGC_CPF,UFS.UF AS UF,PAR.IDENTINSCESTAD,OPTION_LABEL('TGFPAR','CLASSIFICMS',PAR.CLASSIFICMS) AS CLASSIFICMS,PAR.RAZAOSOCIAL,LIV.CODMODDOC,LIV.NUNOTA,LIV.NUMNOTA,LIV.SERIENOTA,LIV.CHAVENFE,LIV.CHAVECTE,LIV.SEQUENCIA,ITE.CODPROD,PRD.DESCRPROD,PRD.NCM,LIV.CODCFO,PRD.ORIGPROD,LIV.CODTRIB,LIV.VLRCTB,LIV.BASEICMS,LIV.ALIQICMS,LIV.VLRICMS,LIV.ISENTASICMS,LIV.OUTRASICMS,LIV.VLRICMSDIFALDEST,UFDESTINO AS UFDESTINO_LIV,UFORIGEM AS UFORIGEM_LIV,LIV.BASERETENCAO,LIV.ICMSRETENCAO,LIV.BASEIPI,LIV.ALIQIPI,LIV.VLRIPI,LIV.ISENTASIPI,LIV.OUTRASIPI,PRD.TEMIPICOMPRAFROM TGFLIV LIVINNER JOIN TGFITE ITE ON LIV.NUNOTA = ITE.NUNOTA AND LIV.SEQUENCIA = ITE.SEQUENCIAINNER JOIN TGFPRO PRD ON ITE.CODPROD = PRD.CODPRODINNER JOIN TGFPAR PAR ON LIV.CODPARC = PAR.CODPARCINNER JOIN TGFCAB CAB ON LIV.NUNOTA = CAB.NUNOTAINNER JOIN TGFTOP TTP ON CAB.CODTIPOPER = TTP.CODTIPOPER AND CAB.DHTIPOPER = TTP.DHALTERINNER JOIN TSICID CID ON PAR.CODCID = CID.CODCIDINNER JOIN TSIUFS UFS ON CID.UF = UFS.CODUFWHERE LIV.CODEMP IN :CODEMPAND TTP.ATUALLIVFIS IN ('E','A')AND LIV.DHMOV BETWEEN :DHMOV.INI AND :DHMOV.FIN]]></expression>
        <metadata>
          <field name="CODEMP" label="Cód. Empresa" type="I" visible="true" useFooter="false"/>
          <field name="CODTIPOPER" label="Cód. TOP" type="I" visible="true" useFooter="false"/>
          <field name="DESCROPER" label="Desc. TOP" type="S" visible="true" useFooter="false"/>
          <field name="ATUALLIVFIS" label="ATUALLIVFIS" type="S" visible="false" useFooter="false"/>
          <field name="TIPMOV" label="TIPMOV" type="S" visible="false" useFooter="false"/>
          <field name="CONTROLE" label="Controle/Série" type="S" visible="true" useFooter="false"/>
          <field name="DHMOV" label="Dt. Movimento" type="D" visible="true" useFooter="false"/>
          <field name="CODPARC" label="Cód. Parceiro" type="I" visible="true" useFooter="false"/>
          <field name="CGC_CPF" label="CNPJ/CPF" type="S" visible="true" useFooter="false"/>
          <field name="UF" label="UF" type="S" visible="true" useFooter="false"/>
          <field name="IDENTINSCESTAD" label="Insc. Estadual" type="S" visible="true" useFooter="false"/>
          <field name="CLASSIFICMS" label="Classif. Fiscal" type="S" visible="true" useFooter="false"/>
          <field name="RAZAOSOCIAL" label="Parceiro" type="S" visible="true" useFooter="false"/>
          <field name="CODMODDOC" label="Modelo" type="I" visible="true" useFooter="false"/>
          <field name="NUNOTA" label="Nr. Único" type="I" visible="true" useFooter="false"/>
          <field name="NUMNOTA" label="Nr. Nota Fiscal" type="I" visible="true" useFooter="false"/>
          <field name="SERIENOTA" label="Série" type="S" visible="true" useFooter="false"/>
          <field name="CHAVENFE" label="Chave NF-e" type="S" visible="true" useFooter="false"/>
          <field name="CHAVECTE" label="Chave CT-e" type="S" visible="true" useFooter="false"/>
          <field name="SEQUENCIA" label="SEQUENCIA" type="I" visible="false" useFooter="false"/>
          <field name="CODPROD" label="Cód. Produto" type="I" visible="true" useFooter="false"/>
          <field name="DESCRPROD" label="Descrição" type="S" visible="true" useFooter="false"/>
          <field name="NCM" label="NCM" type="S" visible="true" useFooter="false"/>
          <field name="CODCFO" label="CFOP" type="I" visible="true" useFooter="false"/>
          <field name="ORIGPROD" label="Origem" type="S" visible="true" useFooter="false"/>
          <field name="CODTRIB" label="CST" type="I" visible="true" useFooter="false"/>
          <field name="VLRCTB" label="Vlr. Contábil" type="F" visible="true" useFooter="SUM" mask="#.##0,00;-n"/>
          <field name="BASEICMS" label="Base ICMS" type="F" visible="true" useFooter="SUM" mask="#.##0,00;-n"/>
          <field name="ALIQICMS" label="Alíq. ICMS" type="I" visible="true" useFooter="false"/>
          <field name="VLRICMS" label="Vlr. ICMS" type="F" visible="true" useFooter="SUM" mask="#.##0,00;-n"/>
          <field name="ISENTASICMS" label="Isentas ICMS" type="F" visible="true" useFooter="SUM" mask="#.##0,00;-n"/>
          <field name="OUTRASICMS" label="Outras ICMS" type="F" visible="true" useFooter="SUM" mask="#.##0,00;-n"/>
          <field name="VLRICMSDIFALDEST" label="Vlr Icms Difal Destino" type="F" visible="true" useFooter="SUM" mask="#.##0,00;-n"/>
          <field name="UFDESTINO_LIV" label="UF Destino Livro" type="S" visible="true" useFooter="false"/>
          <field name="UFORIGEM_LIV" label="UF Origem Livro" type="S" visible="true" useFooter="false"/>
          <field name="BASERETENCAO" label="Base Subst. Trib." type="F" visible="true" useFooter="SUM" mask="#.##0,00;-n"/>
          <field name="ICMSRETENCAO" label="Vlr. Subst. Trib." type="F" visible="true" useFooter="SUM" mask="#.##0,00;-n"/>
          <field name="BASEIPI" label="Base IPI" type="F" visible="true" useFooter="SUM" mask="#.##0,00;-n"/>
          <field name="ALIQIPI" label="Alíq. IPI" type="I" visible="true" useFooter="false"/>
          <field name="VLRIPI" label="Vlr. IPI" type="F" visible="true" useFooter="SUM" mask="#.##0,00;-n"/>
          <field name="ISENTASIPI" label="Isentas IPI" type="F" visible="true" useFooter="SUM" mask="#.##0,00;-n"/>
          <field name="OUTRASIPI" label="Outras IPI" type="F" visible="true" useFooter="SUM" mask="#.##0,00;-n"/>
          <field name="TEMIPICOMPRA" label="Tem IPI Compra - Cadastro Produto" type="S" visible="true" useFooter="false"/>
        </metadata>
        <on-click-launcher resource-id="br.com.sankhya.com.mov.CentralNotas">
          <NUNOTA>$NUNOTA</NUNOTA>
        </on-click-launcher>
      </grid>
    </container>
  </level>
  <level id="lvl_ah9ceaq" description="Saídas">
    <container orientacao="V" tamanhoRelativo="100">
      <grid id="grd_ah9cear" useNewGrid="S">
        <expression type="sql" data-source="MGEDS"><![CDATA[SELECT LIV.CODEMP,CAB.CODTIPOPER,TTP.DESCROPER,TTP.ATUALLIVFIS,CAB.TIPMOV,ITE.CONTROLE,LIV.DHMOV,LIV.CODPARC,PAR.CGC_CPF,UFS.UF AS UF,PAR.IDENTINSCESTAD,OPTION_LABEL('TGFPAR','CLASSIFICMS',PAR.CLASSIFICMS) AS CLASSIFICMS,PAR.RAZAOSOCIAL,LIV.CODMODDOC,LIV.NUNOTA,LIV.NUMNOTA,LIV.SERIENOTA,LIV.CHAVENFE,LIV.CHAVECTE,LIV.SEQUENCIA,ITE.CODPROD,PRD.DESCRPROD,PRD.NCM,LIV.CODCFO,PRD.ORIGPROD,LIV.CODTRIB,LIV.VLRCTB,LIV.BASEICMS,LIV.ALIQICMS,LIV.VLRICMS,LIV.ISENTASICMS,LIV.OUTRASICMS,LIV.VLRICMSDIFALDEST,UFDESTINO AS UFDESTINO_LIV,UFORIGEM AS UFORIGEM_LIV,LIV.BASERETENCAO,LIV.ICMSRETENCAO,LIV.BASEIPI,LIV.ALIQIPI,LIV.VLRIPI,LIV.ISENTASIPI,LIV.OUTRASIPI,PRD.TEMIPICOMPRAFROM TGFLIV LIVINNER JOIN TGFITE ITE ON LIV.NUNOTA = ITE.NUNOTA AND LIV.SEQUENCIA = ITE.SEQUENCIAINNER JOIN TGFPRO PRD ON ITE.CODPROD = PRD.CODPRODINNER JOIN TGFPAR PAR ON LIV.CODPARC = PAR.CODPARCINNER JOIN TGFCAB CAB ON LIV.NUNOTA = CAB.NUNOTAINNER JOIN TGFTOP TTP ON CAB.CODTIPOPER = TTP.CODTIPOPER AND CAB.DHTIPOPER = TTP.DHALTERINNER JOIN TSICID CID ON PAR.CODCID = CID.CODCIDINNER JOIN TSIUFS UFS ON CID.UF = UFS.CODUFWHERE LIV.CODEMP IN :CODEMPAND TTP.ATUALLIVFIS IN ('S','A')AND LIV.DHMOV BETWEEN :DHMOV.INI AND :DHMOV.FIN]]></expression>
        <metadata>
          <field name="CODEMP" label="Cód. Empresa" type="I" visible="true" useFooter="false"/>
          <field name="CODTIPOPER" label="TOP" type="I" visible="true" useFooter="false"/>
          <field name="DESCROPER" label="Desc. TOP" type="S" visible="true" useFooter="false"/>
          <field name="ATUALLIVFIS" label="ATUALLIVFIS" type="S" visible="false" useFooter="false"/>
          <field name="TIPMOV" label="TIPMOV" type="S" visible="false" useFooter="false"/>
          <field name="CONTROLE" label="Controle/Série" type="S" visible="true" useFooter="false"/>
          <field name="DHMOV" label="Data Movimento" type="D" visible="true" useFooter="false"/>
          <field name="CODPARC" label="Cód. Parceiro" type="I" visible="true" useFooter="false"/>
          <field name="CGC_CPF" label="CNPJ/CPF" type="S" visible="true" useFooter="false"/>
          <field name="UF" label="UF" type="S" visible="true" useFooter="false"/>
          <field name="IDENTINSCESTAD" label="Insc. Estadual" type="S" visible="true" useFooter="false"/>
          <field name="CLASSIFICMS" label="Classif. Fiscal" type="S" visible="true" useFooter="false"/>
          <field name="RAZAOSOCIAL" label="Parceiro" type="S" visible="true" useFooter="false"/>
          <field name="CODMODDOC" label="Modelo" type="I" visible="true" useFooter="false"/>
          <field name="NUNOTA" label="Nr. Único" type="I" visible="true" useFooter="false"/>
          <field name="NUMNOTA" label="Nr. Nota Fiscal" type="I" visible="true" useFooter="false"/>
          <field name="SERIENOTA" label="Série" type="S" visible="true" useFooter="false"/>
          <field name="CHAVENFE" label="Chave NF-e" type="S" visible="true" useFooter="false"/>
          <field name="CHAVECTE" label="Chave CT-e" type="S" visible="true" useFooter="false"/>
          <field name="SEQUENCIA" label="SEQUENCIA" type="I" visible="false" useFooter="false"/>
          <field name="CODPROD" label="Cód. Produto" type="I" visible="true" useFooter="false"/>
          <field name="DESCRPROD" label="Descrição" type="S" visible="true" useFooter="false"/>
          <field name="NCM" label="NCM" type="S" visible="true" useFooter="false"/>
          <field name="CODCFO" label="CFOP" type="I" visible="true" useFooter="false"/>
          <field name="ORIGPROD" label="Origem" type="S" visible="true" useFooter="false"/>
          <field name="CODTRIB" label="CST" type="I" visible="true" useFooter="false"/>
          <field name="VLRCTB" label="Vlr. Contábil" type="F" visible="true" useFooter="SUM" mask="#.##0,00;-n"/>
          <field name="BASEICMS" label="Base ICMS" type="F" visible="true" useFooter="SUM" mask="#.##0,00;-n"/>
          <field name="ALIQICMS" label="Alíq. ICMS" type="I" visible="true" useFooter="false"/>
          <field name="VLRICMS" label="Vlr. ICMS" type="F" visible="true" useFooter="SUM" mask="#.##0,00;-n"/>
          <field name="ISENTASICMS" label="Isentas ICMS" type="F" visible="true" useFooter="SUM" mask="#.##0,00;-n"/>
          <field name="OUTRASICMS" label="Outras ICMS" type="F" visible="true" useFooter="SUM" mask="#.##0,00;-n"/>
          <field name="VLRICMSDIFALDEST" label="Difal UF Dest." type="I" visible="true" useFooter="SUM" mask="#.##0,00;-n"/>
          <field name="UFDESTINO_LIV" label="UF Destino Livro" type="S" visible="true" useFooter="false"/>
          <field name="UFORIGEM_LIV" label="UF Origem Livro" type="S" visible="true" useFooter="false"/>
          <field name="BASERETENCAO" label="Base Subst. Trib." type="F" visible="true" useFooter="SUM" mask="#.##0,00;-n"/>
          <field name="ICMSRETENCAO" label="Vlr. Subst. Trib" type="F" visible="true" useFooter="SUM" mask="#.##0,00;-n"/>
          <field name="BASEIPI" label="Base IPI" type="F" visible="true" useFooter="SUM" mask="#.##0,00;-n"/>
          <field name="ALIQIPI" label="Alíq. IPI" type="I" visible="true" useFooter="false"/>
          <field name="VLRIPI" label="Vlr. IPI" type="F" visible="true" useFooter="SUM" mask="#.##0,00;-n"/>
          <field name="ISENTASIPI" label="Isentas IPI" type="F" visible="true" useFooter="SUM" mask="#.##0,00;-n"/>
          <field name="OUTRASIPI" label="Outras IPI" type="F" visible="true" useFooter="SUM" mask="#.##0,00;-n"/>
          <field name="TEMIPICOMPRA" label="TEMIPICOMPRA" type="S" visible="true" useFooter="false"/>
        </metadata>
        <on-click-launcher resource-id="br.com.sankhya.com.mov.CentralNotas">
          <NUNOTA>$NUNOTA</NUNOTA>
        </on-click-launcher>
      </grid>
    </container>
  </level>
</gadget>