<gadget>
  <prompt-parameters>
    <parameter id="P_CODEMP" description="Empresa" metadata="multiList:Text" listType="sql" required="true" keep-last="true" keep-date="false" order="2">
      <expression type="SQL"><![CDATA[SELECT CODEMP AS VALUE, CODEMP ||'-'||NOMEFANTASIA AS LABEL FROM TSIEMP ORDER BY 1]]></expression>
    </parameter>
    <parameter id="P_PERIODO" description="Periodo" metadata="datePeriod" required="true" keep-last="true" keep-date="false" order="3"/>
  </prompt-parameters>
  <level id="lvl_a781xco" description="PAINEL">
    <container orientacao="V" tamanhoRelativo="100">
      <container orientacao="V" tamanhoRelativo="124">
        <container orientacao="V" tamanhoRelativo="100">
          <simple-value id="svl_asfjz4f">
            <value-expression><![CDATA[<h1 align="center">Auditoria de Movimentos Não Contabilizados</h1><style>h1{  margin-left: 15%;	text-align: center;	vertical-align: top;	margin: 0 1.5%;	font-weight: bold;   padding: 40px 0;text-decoration: underline;}img {  position: relative;display: flex;justify-content: center;align-items: center;}.button {        text-align: center;        width: 60%;        height: 12vh;        margin-left: 20%;        font-size: 4.0vh;        font-style: bold;        color: white;        text-shadow: #000 1px 1px 10px;        border: transparent;        background-color: white;        border-radius: 10px 50px;    }    .bt7 {        background: linear-gradient(90deg, rgba(48, 96, 78, 1) 0%, rgba(37, 74, 59, 1) 50%, rgba(25, 51, 41, 1) 100%);box-shadow: rgba(50, 50, 93, 0.25) 0px 6px 12px -2px, rgba(0, 0, 0, 0.3) 0px 3px 7px -3px;    }    @font-face {        font-family: 'Oswald';        src: url('https://fonts.googleapis.com/css2?family=Oswald:wght@700&display=swap');    }</style>]]></value-expression>
          </simple-value>
        </container>
      </container>
      <container orientacao="V" tamanhoRelativo="100">
        <simple-value id="svl_a781xcq">
          <value-expression><![CDATA[ <html><body><div class="texto"></div><button class="button bt7">Notas Nao Contabilizadas</button></div></body></html> ]]></value-expression>
          <on-click navigate-to="lvl_a781xjg"/>
        </simple-value>
      </container>
      <container orientacao="V" tamanhoRelativo="112">
        <simple-value id="svl_a781xcr">
          <value-expression><![CDATA[ <html><body><div class="texto"></div><button class="button bt7">Baixas Nao Contabilizadas</button></div></body></html> ]]></value-expression>
          <on-click navigate-to="lvl_a781xj4"/>
        </simple-value>
      </container>
      <container orientacao="V" tamanhoRelativo="112">
        <simple-value id="svl_a781xcs">
          <value-expression><![CDATA[ <html><body><div class="texto"></div><button class="button bt7">Mov. Bancario Não Contabilizados</button></div></body></html> ]]></value-expression>
          <on-click navigate-to="lvl_a781xkm"/>
        </simple-value>
      </container>
    </container>
  </level>
  <level id="lvl_a781xjg" description="NOTAS NÃO CONTABILIZADAS">
    <container orientacao="V" tamanhoRelativo="100">
      <container orientacao="V" tamanhoRelativo="107">
        <grid id="grd_a781xjh" useNewGrid="S">
          <title><![CDATA[ Notas Não Contabilizadas ]]></title>
          <expression type="sql" data-source="MGEDS"><![CDATA[SELECT * 
FROM
(SELECT
       C.TIPMOV,
       C.NUNOTA,
       C.NUMNOTA,
       C.CODEMP,
       E.RAZAOSOCIAL,
       (CASE
         WHEN C.TIPMOV IN ('C','D','E','V') THEN
          C.DTENTSAI
         ELSE
          C.DTNEG
       END) DTMOV,
       C.VLRNOTA,
       C.CODTIPOPER,
       T.DESCROPER,
	  C.CODNAT,
       C.STATUSNFE,
	  C.DTALTER	
 FROM TGFCAB C
  LEFT JOIN TCBINT I
    ON I.NUNICO = C.NUNOTA
   AND I.ORIGEM = 'E'
  LEFT JOIN TSIEMP E
    ON E.CODEMP=C.CODEMP, TGFTOP T
 WHERE T.CODTIPOPER = C.CODTIPOPER
   AND T.DHALTER = C.DHTIPOPER
   AND T.TIPMOV  IN  ('C','D','E','V')
   AND ((CASE WHEN C.TIPMOV IN ('V') THEN DTNEG END) BETWEEN :P_PERIODO.INI AND :P_PERIODO.FIN
   OR (CASE WHEN C.TIPMOV IN ('C','D','E') THEN DTENTSAI END) BETWEEN :P_PERIODO.INI AND :P_PERIODO.FIN)
   AND T.ATUALCTB = 'S'
   AND C.STATUSNOTA = 'L'
   AND C.CODEMP  IN :P_CODEMP  
   AND I.NUNICO IS NULL
   AND C.CODTIPOPER <> 24


UNION ALL

SELECT
       C.TIPMOV,
       C.NUNOTA,
       C.NUMNOTA,
       C.CODEMP,
       E.RAZAOSOCIAL,
       (CASE
         WHEN C.TIPMOV IN ('C','D','E','V') THEN
          C.DTENTSAI
         ELSE
          C.DTNEG
       END) DTMOV,
       C.VLRNOTA,
       C.CODTIPOPER,
       T.DESCROPER,
	  C.CODNAT,
       C.STATUSNFE,
	  C.DTALTER
 FROM TGFCAB C
  LEFT JOIN TCBINT I
    ON I.NUNICO = C.NUNOTA
   AND I.ORIGEM = 'E'
  LEFT JOIN TSIEMP E
    ON E.CODEMP=C.CODEMP, TGFTOP T
 WHERE T.CODTIPOPER = C.CODTIPOPER
   AND T.DHALTER = C.DHTIPOPER
   AND T.TIPMOV  IN  ('C','D','E','V')
   AND ((CASE WHEN C.TIPMOV IN ('V') THEN DTNEG END) BETWEEN :P_PERIODO.INI AND :P_PERIODO.FIN
   OR (CASE WHEN C.TIPMOV IN ('C','D','E') THEN DTENTSAI END) BETWEEN :P_PERIODO.INI AND :P_PERIODO.FIN)
   AND T.ATUALCTB = 'S'
   AND C.STATUSNOTA = 'L'
   AND C.CODEMP  IN :P_CODEMP  
   AND I.NUNICO IS NULL
   AND EXISTS (SELECT 1 FROM TGFCAB CAB INNER JOIN TGFITE ITE ON ITE.NUNOTA = CAB.NUNOTA WHERE CAB.CODTIPOPER = 24 AND ITE.CODCFO NOT IN (5117,6117) AND CAB.NUNOTA = C.NUNOTA)

)
 
 ORDER BY TIPMOV,CODTIPOPER,
          CODEMP,
          DTMOV,
          NUMNOTA]]></expression>
          <metadata>
            <field name="TIPMOV" label="Tip Movimento" type="S" visible="true" useFooter="false"/>
            <field name="NUNOTA" label="Nro. Único" type="I" visible="true" useFooter="false"/>
            <field name="NUMNOTA" label="Nro. Nota" type="I" visible="true" useFooter="false"/>
            <field name="CODEMP" label="Cód. Empresa" type="I" visible="true" useFooter="false"/>
            <field name="RAZAOSOCIAL" label="Razão Social" type="S" visible="true" useFooter="false"/>
            <field name="DTMOV" label="Dt. Movimento" type="D" visible="true" useFooter="false"/>
            <field name="VLRNOTA" label="Vlr. Nota" type="F" visible="true" useFooter="SUM" mask="#.##0,00;(n)"/>
            <field name="CODTIPOPER" label="Cód. Top" type="I" visible="true" useFooter="false"/>
            <field name="DESCROPER" label="Top" type="S" visible="true" useFooter="false"/>
            <field name="CODNAT" label="Cód. Natureza" type="I" visible="true" useFooter="false"/>
            <field name="STATUSNFE" label="Status Nfe" type="S" visible="true" useFooter="false"/>
            <field name="DTALTER" label="Dt. Alteração" type="D" visible="true" useFooter="false"/>
          </metadata>
          <on-click-launcher resource-id="br.com.sankhya.com.mov.CentralNotas">
            <NUNOTA>$NUNOTA</NUNOTA>
          </on-click-launcher>
        </grid>
      </container>
      <container orientacao="V" tamanhoRelativo="112">
        <grid id="grd_g1nbaz" useNewGrid="S">
          <title><![CDATA[ Lançamentos Manuais da Contabilidade ]]></title>
          <expression type="sql" data-source="MGEDS"><![CDATA[
SELECT *
FROM TCBINT INTI
RIGHT JOIN TCBLAN LAN ON LAN.CODEMP = INTI.CODEMP
AND LAN.REFERENCIA = INTI.REFERENCIA
AND LAN.NUMLANC = INTI.NUMLANC
AND LAN.TIPLANC = INTI.TIPLANC
AND LAN.NUMLOTE = INTI.NUMLOTE
WHERE LAN.REFERENCIA BETWEEN :P_PERIODO.INI AND :P_PERIODO.FIN
  AND INTI.NUNICO IS NULL
  AND LAN.CODEMP IN :P_CODEMP]]></expression>
          <metadata>
            <field name="CODEMP" label="Cód. Empresa" type="I" visible="true" useFooter="false"/>
            <field name="REFERENCIA" label="Referencia" type="D" visible="true" useFooter="false"/>
            <field name="NUMLANC" label="Nro. Lançamento" type="I" visible="true" useFooter="false"/>
            <field name="TIPLANC" label="Tipo Lançamento" type="S" visible="true" useFooter="false"/>
            <field name="ORIGEM" label="Origem" type="S" visible="true" useFooter="false"/>
            <field name="NUNICO" label="Nro. Único" type="I" visible="true" useFooter="false"/>
            <field name="NUMLOTE" label="Nro. Lote" type="I" visible="true" useFooter="false"/>
            <field name="VLRLANC" label="Vlr. Lançametno" type="F" visible="true" useFooter="SUM" mask="#.##0,00;(n)"/>
            <field name="SEQNOTA" label="SEQNOTA" type="I" visible="false" useFooter="false"/>
            <field name="SEQUENCIA" label="SEQUENCIA" type="I" visible="false" useFooter="false"/>
            <field name="CODCTACTB" label="Cód. Conta" type="I" visible="true" useFooter="false"/>
            <field name="CODCONPAR" label="CODCONPAR" type="I" visible="false" useFooter="false"/>
            <field name="CODCENCUS" label="CODCENCUS" type="I" visible="false" useFooter="false"/>
            <field name="DTMOV" label="Dt. Movimento" type="D" visible="true" useFooter="false"/>
            <field name="CODHISTCTB" label="Cód. Historico" type="I" visible="false" useFooter="false"/>
            <field name="COMPLHIST" label="Histórico" type="S" visible="true" useFooter="false"/>
            <field name="NUMDOC" label="Nro. Documento" type="I" visible="true" useFooter="false"/>
            <field name="VENCIMENTO" label="Vencimento" type="D" visible="false" useFooter="false"/>
            <field name="LIBERADO" label="Liberado" type="S" visible="true" useFooter="false"/>
            <field name="CODUSU" label="Cód. Uusario" type="I" visible="false" useFooter="false"/>
            <field name="CODPROJ" label="CODPROJ" type="I" visible="false" useFooter="false"/>
            <field name="PARTLALUR_A" label="PARTLALUR_A" type="S" visible="false" useFooter="false"/>
            <field name="EXTEMPORANEO" label="EXTEMPORANEO" type="S" visible="false" useFooter="false"/>
            <field name="DTEXTEMPORANEO" label="DTEXTEMPORANEO" type="D" visible="false" useFooter="false"/>
            <field name="CODEMPORIG" label="CODEMPORIG" type="I" visible="false" useFooter="false"/>
            <field name="CHAVE" label="CHAVE" type="S" visible="true" useFooter="false"/>
            <field name="CONCILIADO" label="CONCILIADO" type="S" visible="true" useFooter="false"/>
          </metadata>
        </grid>
      </container>
    </container>
  </level>
  <level id="lvl_a781xj4" description="BAIXAS NAO CONTABILIZADAS">
    <container orientacao="V" tamanhoRelativo="100">
      <container orientacao="V" tamanhoRelativo="50">
        <grid id="grd_a781xj5" useNewGrid="S">
          <title><![CDATA[ Baixas Não Contabilizadas ]]></title>
          <expression type="sql" data-source="MGEDS"><![CDATA[SELECT F.CODEMP AS Cod_Empresa, E.RAZAOSOCIAL AS Empresa, F.NUFIN AS Numero_Unico,
         CASE WHEN F.RECDESP = 1 THEN 'Receita' else 'Despesa' end AS Receita_Despesa,
         M.CODCTABCOINT AS Conta,
         C.DESCRICAO AS Descricao,
         F.NUMNOTA AS NF,
         F.CODTIPOPERBAIXA AS Top_Baixa,
         T.DESCROPER AS Descricao_Top,
F.vlrbaixa,
         F.DHBAIXA AS Data_Baixa,
         F.VLRDESDOB AS Valor_Lancamento,
         F.HISTORICO AS Historico
    FROM TGFFIN F
         LEFT JOIN TCBINT I
            ON I.NUNICO = F.NUFIN AND I.ORIGEM = 'B'
         LEFT JOIN TGFMBC M
            ON M.NUBCO = F.NUBCO
         LEFT JOIN TGFTOP T
            ON M.CODTIPOPER = T.CODTIPOPER AND M.DHTIPOPER = T.DHALTER
         LEFT JOIN TSICTA C
            ON F.CODCTABCOINT = C.CODCTABCOINT
         LEFT JOIN TSIEMP E
            ON E.CODEMP=F.CODEMP
   WHERE F.DHBAIXA BETWEEN :P_PERIODO.INI AND :P_PERIODO.FIN
         AND (F.CODEMP IN :P_CODEMP )
         AND C.ATIVA = 'S'
         AND T.ATUALCTB = 'S'
         AND T.TIPMOV IN ('R','G', 'I' ) 
         AND I.NUNICO IS NULL
ORDER BY F.DHBAIXA,C.CODCTABCOINT,F.RECDESP]]></expression>
          <metadata>
            <field name="COD_EMPRESA" label="COD_EMPRESA" type="I" visible="true" useFooter="false"/>
            <field name="EMPRESA" label="EMPRESA" type="S" visible="true" useFooter="false"/>
            <field name="NUMERO_UNICO" label="NUMERO_UNICO" type="I" visible="true" useFooter="false"/>
            <field name="RECEITA_DESPESA" label="RECEITA_DESPESA" type="S" visible="true" useFooter="false"/>
            <field name="CONTA" label="CONTA" type="I" visible="true" useFooter="false"/>
            <field name="DESCRICAO" label="DESCRICAO" type="S" visible="true" useFooter="false"/>
            <field name="NF" label="NF" type="I" visible="true" useFooter="false"/>
            <field name="TOP_BAIXA" label="TOP_BAIXA" type="I" visible="true" useFooter="false"/>
            <field name="DESCRICAO_TOP" label="DESCRICAO_TOP" type="S" visible="true" useFooter="false"/>
            <field name="VLRBAIXA" label="VLRBAIXA" type="F" visible="true" useFooter="false"/>
            <field name="DATA_BAIXA" label="DATA_BAIXA" type="D" visible="true" useFooter="false"/>
            <field name="VALOR_LANCAMENTO" label="VALOR_LANCAMENTO" type="F" visible="true" useFooter="false"/>
            <field name="HISTORICO" label="HISTORICO" type="S" visible="true" useFooter="false"/>
          </metadata>
          <on-click-launcher resource-id="br.com.sankhya.fin.cad.movimentacaoFinanceira">
            <NUFIN>$Numero_Unico</NUFIN>
          </on-click-launcher>
        </grid>
      </container>
      <container orientacao="V" tamanhoRelativo="50">
        <grid id="grd_g1nbb8" useNewGrid="S">
          <title><![CDATA[ Lançamentos Manuais da Contabilidade ]]></title>
          <expression type="sql" data-source="MGEDS"><![CDATA[
SELECT *
FROM TCBINT INTI
RIGHT JOIN TCBLAN LAN ON LAN.CODEMP = INTI.CODEMP
AND LAN.REFERENCIA = INTI.REFERENCIA
AND LAN.NUMLANC = INTI.NUMLANC
AND LAN.TIPLANC = INTI.TIPLANC
AND LAN.NUMLOTE = INTI.NUMLOTE
WHERE LAN.REFERENCIA BETWEEN :P_PERIODO.INI AND :P_PERIODO.FIN
  AND INTI.NUNICO IS NULL
  AND LAN.CODEMP IN :P_CODEMP]]></expression>
          <metadata>
            <field name="CODEMP" label="Cód. Empresa" type="I" visible="true" useFooter="false"/>
            <field name="REFERENCIA" label="Referencia" type="D" visible="true" useFooter="false"/>
            <field name="NUMLANC" label="Nro. Lançamento" type="I" visible="true" useFooter="false"/>
            <field name="TIPLANC" label="Tipo Lançamento" type="S" visible="true" useFooter="false"/>
            <field name="ORIGEM" label="Origem" type="S" visible="true" useFooter="false"/>
            <field name="NUNICO" label="Nro. Único" type="I" visible="true" useFooter="false"/>
            <field name="NUMLOTE" label="Nro. Lote" type="I" visible="true" useFooter="false"/>
            <field name="VLRLANC" label="Vlr. Lançamento" type="F" visible="true" useFooter="SUM" mask="#.##0,00;(n)"/>
            <field name="SEQNOTA" label="SEQNOTA" type="I" visible="false" useFooter="false"/>
            <field name="SEQUENCIA" label="SEQUENCIA" type="I" visible="false" useFooter="false"/>
            <field name="CODCTACTB" label="Conta" type="I" visible="true" useFooter="false"/>
            <field name="CODCONPAR" label="CODCONPAR" type="I" visible="false" useFooter="false"/>
            <field name="CODCENCUS" label="CODCENCUS" type="I" visible="false" useFooter="false"/>
            <field name="DTMOV" label="Dt. Movimento" type="D" visible="true" useFooter="false"/>
            <field name="CODHISTCTB" label="CODHISTCTB" type="I" visible="false" useFooter="null"/>
            <field name="COMPLHIST" label="Historico" type="S" visible="true" useFooter="false"/>
            <field name="NUMDOC" label="Nro. Documento" type="I" visible="true" useFooter="false"/>
            <field name="VENCIMENTO" label="VENCIMENTO" type="D" visible="false" useFooter="false"/>
            <field name="LIBERADO" label="LIBERADO" type="S" visible="false" useFooter="false"/>
            <field name="CODUSU" label="CODUSU" type="I" visible="false" useFooter="false"/>
            <field name="CODPROJ" label="CODPROJ" type="I" visible="false" useFooter="false"/>
            <field name="PARTLALUR_A" label="PARTLALUR_A" type="S" visible="false" useFooter="false"/>
            <field name="EXTEMPORANEO" label="EXTEMPORANEO" type="S" visible="false" useFooter="false"/>
            <field name="DTEXTEMPORANEO" label="DTEXTEMPORANEO" type="D" visible="false" useFooter="false"/>
            <field name="CODEMPORIG" label="CODEMPORIG" type="I" visible="false" useFooter="false"/>
            <field name="CHAVE" label="CHAVE" type="S" visible="true" useFooter="false"/>
            <field name="CONCILIADO" label="CONCILIADO" type="S" visible="true" useFooter="false"/>
          </metadata>
        </grid>
      </container>
    </container>
  </level>
  <level id="lvl_a781xkm" description="MOV. BANCARIO NAO CONTABILIZADO">
    <container orientacao="V" tamanhoRelativo="100">
      <container orientacao="V" tamanhoRelativo="50">
        <grid id="grd_a781xkn" useNewGrid="S">
          <title><![CDATA[ Movimento Bancario Não Contabilizado ]]></title>
          <expression type="sql" data-source="MGEDS"><![CDATA[SELECT M.NUMTRANSF AS "Numero_Transferencia",
         DECODE(M.RECDESP,  '1', 'RECEITA',  '-1', 'DESPESA') AS "Receita_Despesa",
         E.RAZAOSOCIAL AS "Empresa",
         M.CODCTABCOINT AS "Conta",
         C.CODCTABCO AS "Conta_Bancaria",
         C.DESCRICAO AS "Descricao",
         M.NUBCO AS "Nubco",
         M.NUMDOC AS "Numero_Doc",
         M.CODTIPOPER AS "Top",
         T.DESCROPER AS "Descricao_Top",
         M.DTLANC AS "Data_Movimento",
         M.VLRLANC AS "Valor_Lancamento"
         FROM TGFMBC M
         LEFT JOIN TCBINT I
            ON I.NUNICO = M.NUBCO AND I.ORIGEM = 'M'
         LEFT JOIN TGFTOP T
            ON M.CODTIPOPER = T.CODTIPOPER AND M.DHTIPOPER = T.DHALTER
         LEFT JOIN TSICTA C
            ON M.CODCTABCOINT = C.CODCTABCOINT
         LEFT JOIN TSIEMP E
            ON E.CODEMP=I.CODEMP
   WHERE M.DTLANC BETWEEN :P_PERIODO.INI AND :P_PERIODO.FIN AND C.ATIVA = 'S'
         AND I.NUNICO IS NULL
         AND T.TIPMOV='B'
         AND T.ATUALCTB = 'S'
ORDER BY NUBCO]]></expression>
          <metadata>
            <field name="Numero_Transferencia" label="Numero_Transferencia" type="I" visible="true" useFooter="false"/>
            <field name="Receita_Despesa" label="Receita_Despesa" type="S" visible="true" useFooter="false"/>
            <field name="Empresa" label="Empresa" type="S" visible="true" useFooter="false"/>
            <field name="Conta" label="Conta" type="I" visible="true" useFooter="false"/>
            <field name="Conta_Bancaria" label="Conta_Bancaria" type="S" visible="true" useFooter="false"/>
            <field name="Descricao" label="Descricao" type="S" visible="true" useFooter="false"/>
            <field name="Nubco" label="Nubco" type="I" visible="true" useFooter="false"/>
            <field name="Numero_Doc" label="Numero_Doc" type="I" visible="true" useFooter="false"/>
            <field name="Top" label="Top" type="I" visible="true" useFooter="false"/>
            <field name="Descricao_Top" label="Descricao_Top" type="S" visible="true" useFooter="false"/>
            <field name="Data_Movimento" label="Data_Movimento" type="D" visible="true" useFooter="false"/>
            <field name="Valor_Lancamento" label="Valor_Lancamento" type="F" visible="true" useFooter="false"/>
          </metadata>
          <on-click-launcher resource-id="br.com.sankhya.fin.cad.movimentacaoBancaria">
            <NUBCO>$Nubco</NUBCO>
          </on-click-launcher>
        </grid>
      </container>
      <container orientacao="V" tamanhoRelativo="50">
        <grid id="grd_g1nbc9" useNewGrid="S">
          <title><![CDATA[ Lançamento Manuais da Contabilidade ]]></title>
          <expression type="sql" data-source="MGEDS"><![CDATA[SELECT M.NUMTRANSF AS "Numero_Transferencia",
       CASE
           WHEN M.RECDESP = '1' THEN 'RECEITA'
           ELSE 'DESPESA'
       END AS "Receita_Despesa",
       E.RAZAOSOCIAL AS "Empresa",
       M.CODCTABCOINT AS "Conta",
       C.CODCTABCO AS "Conta_Bancaria",
       C.DESCRICAO AS "Descricao",
       M.NUBCO AS "Nubco",
       M.NUMDOC AS "Numero_Doc",
       M.CODTIPOPER AS "Top",
       T.DESCROPER AS "Descricao_Top",
       M.DTLANC AS "Data_Movimento",
       M.VLRLANC AS "Valor_Lancamento"
FROM TGFMBC M
LEFT JOIN TCBINT I ON I.NUNICO = M.NUBCO
AND I.ORIGEM = 'M'
LEFT JOIN TGFTOP T ON M.CODTIPOPER = T.CODTIPOPER
AND M.DHTIPOPER = T.DHALTER
LEFT JOIN TSICTA C ON M.CODCTABCOINT = C.CODCTABCOINT
LEFT JOIN TSIEMP E ON E.CODEMP=I.CODEMP
WHERE M.DTLANC BETWEEN :P_PERIODO.INI AND :P_PERIODO.FIN
  AND C.ATIVA = 'S'
  AND I.NUNICO IS NULL
  AND T.TIPMOV='B']]></expression>
          <metadata>
            <field name="Numero_Transferencia" label="Numero_Transferencia" type="I" visible="true" useFooter="false"/>
            <field name="Receita_Despesa" label="Receita_Despesa" type="S" visible="true" useFooter="false"/>
            <field name="Empresa" label="Empresa" type="S" visible="true" useFooter="false"/>
            <field name="Conta" label="Conta" type="I" visible="true" useFooter="false"/>
            <field name="Conta_Bancaria" label="Conta_Bancaria" type="S" visible="true" useFooter="false"/>
            <field name="Descricao" label="Descricao" type="S" visible="true" useFooter="false"/>
            <field name="Nubco" label="Nubco" type="I" visible="true" useFooter="false"/>
            <field name="Numero_Doc" label="Numero_Doc" type="I" visible="true" useFooter="false"/>
            <field name="Top" label="Top" type="I" visible="true" useFooter="false"/>
            <field name="Descricao_Top" label="Descricao_Top" type="S" visible="true" useFooter="false"/>
            <field name="Data_Movimento" label="Data_Movimento" type="D" visible="true" useFooter="false"/>
            <field name="Valor_Lancamento" label="Valor_Lancamento" type="F" visible="true" useFooter="false"/>
          </metadata>
        </grid>
      </container>
    </container>
  </level>
</gadget>