<gadget>
  <prompt-parameters>
    <parameter id="P_PERIODO" description="Periodo" metadata="datePeriod" required="true" keep-last="true" keep-date="false" order="0"/>
    <parameter id="P_CODEMP" description="Empresa" metadata="multiList:Text" listType="sql" required="true" keep-last="true" keep-date="false" order="1">
      <expression type="SQL"><![CDATA[SELECT 0 AS VALUE
, '0' || ' - ' || 'Sem Empresa' AS LABEL
FROM DUAL
UNION ALL
 
SELECT
CODEMP AS VALUE
, CODEMP || ' - ' || NOMEFANTASIA AS LABEL

FROM TSIEMP 

ORDER BY 1
]]></expression>
    </parameter>
    <parameter id="P_CODCENCUS" description="Centro de Resultado" metadata="multiList:Text" listType="sql" required="true" keep-last="true" keep-date="false" order="2">
      <expression type="SQL"><![CDATA[SELECT CODCENCUS AS VALUE, CODCENCUS ||'-'||DESCRCENCUS AS LABEL FROM TSICUS WHERE ANALITICO='S' ORDER BY 1]]></expression>
    </parameter>
    <parameter id="P_CODBCO" description="Conta Bancaria" metadata="multiList:Text" listType="sql" required="true" keep-last="true" keep-date="false" order="3">
      <expression type="SQL"><![CDATA[
SELECT
0 AS VALUE,
'SEM CONTA BANCÁRIA' AS LABEL
FROM DUAL
UNION ALL
SELECT CODCTABCOINT AS VALUE,
TO_CHAR(CODCTABCOINT) || ' - ' || DESCRICAO AS LABEL
FROM TSICTA 
ORDER BY 1]]></expression>
    </parameter>
    <parameter id="P_GRAU" description="Grau Demonstrativo" metadata="multiList:Text" listType="text" required="true" keep-last="true" keep-date="false" order="4">
      <item value="0" label="Saldos"/>
      <item value="1" label="Grau 1"/>
      <item value="2" label="Grau 2"/>
      <item value="3" label="Grau 3"/>
    </parameter>
    <parameter id="P_COMPENSACAO" description="Considerar Compensação?" metadata="singleList:Text" listType="text" required="false" keep-last="false" keep-date="false" order="5">
      <item value="A" label="Ambos"/>
      <item value="N" label="Não"/>
      <item value="S" label=" Somente"/>
    </parameter>
  </prompt-parameters>
  <local-vars>
    <var id="NATUREZA">
      <expression type="sql" data-source="MGEDS"><![CDATA[SELECT
Z.DESCRNAT 
FROM (    
    SELECT CODNAT, DESCRNAT FROM TGFNAT
    UNION ALL
    SELECT 40000000 AS CODNAT, 'IMPOSTOS SOBRE VENDAS' AS DESCRNAT FROM DUAL
    UNION ALL
    SELECT 30000000 AS CODNAT, 'CMV ' AS DESCRNAT FROM DUAL
    )Z
    
WHERE Z.CODNAT = :A_CODNAT]]></expression>
    </var>
    <var id="NATUREZA_2">
      <expression type="sql" data-source="MGEDS"><![CDATA[SELECT
Z.DESCRNAT 
FROM (    
    SELECT CODNAT, DESCRNAT FROM TGFNAT
    UNION ALL
    SELECT 40000000 AS CODNAT, 'IMPOSTOS SOBRE VENDAS' AS DESCRNAT FROM DUAL
    UNION ALL
    SELECT 30000000 AS CODNAT, 'CMV ' AS DESCRNAT FROM DUAL
    )Z
    
WHERE Z.CODNAT = :A_CODNAT]]></expression>
    </var>
    <var id="CODEMPRESA">
      <expression type="sql" data-source="MGEDS"><![CDATA[SELECT CODEMP FROM TSIEMP WHERE CODEMP IN :P_CODEMP]]></expression>
    </var>
  </local-vars>
  <level id="lvl_z6dg1p" description="Principal">
    <grid id="grd_7p39nd" useNewGrid="S">
      <expression type="sql" data-source="MGEDS"><![CDATA[WITH SALDO_BANCARIO_INICIAL AS (
    SELECT 97000 AS CODNAT
         , '<b>( = ) SALDO BANCARIO INICIAL <b>' AS DESCRNAT
         , 97000 AS AD_ORDEMDFC
         , 97000 AS AD_AGRUDFC
         , 97000 AS AD_AGRUDFC_2
         , 0 AS GRAU
         , NVL(SUM(CASE WHEN TO_CHAR(SBC.REFERENCIA, 'MM') = 01 THEN (SBC.SALDOREAL) ELSE 0 END),0) AS JANEIRO
         , NVL(SUM(CASE WHEN TO_CHAR(SBC.REFERENCIA, 'MM') = 02 THEN (SBC.SALDOREAL) ELSE 0 END),0) AS FEVEREIRO
         , NVL(SUM(CASE WHEN TO_CHAR(SBC.REFERENCIA, 'MM') = 03 THEN (SBC.SALDOREAL) ELSE 0 END),0) AS MARCO
         , NVL(SUM(CASE WHEN TO_CHAR(SBC.REFERENCIA, 'MM') = 04 THEN (SBC.SALDOREAL) ELSE 0 END),0) AS ABRIL
         , NVL(SUM(CASE WHEN TO_CHAR(SBC.REFERENCIA, 'MM') = 05 THEN (SBC.SALDOREAL) ELSE 0 END),0) AS MAIO
         , NVL(SUM(CASE WHEN TO_CHAR(SBC.REFERENCIA, 'MM') = 06 THEN (SBC.SALDOREAL) ELSE 0 END),0) AS JUNHO
         , NVL(SUM(CASE WHEN TO_CHAR(SBC.REFERENCIA, 'MM') = 07 THEN (SBC.SALDOREAL) ELSE 0 END),0) AS JULHO
         , NVL(SUM(CASE WHEN TO_CHAR(SBC.REFERENCIA, 'MM') = 08 THEN (SBC.SALDOREAL) ELSE 0 END),0) AS AGOSTO
         , NVL(SUM(CASE WHEN TO_CHAR(SBC.REFERENCIA, 'MM') = 09 THEN (SBC.SALDOREAL) ELSE 0 END),0) AS SETEMBRO
         , NVL(SUM(CASE WHEN TO_CHAR(SBC.REFERENCIA, 'MM') = 10 THEN (SBC.SALDOREAL) ELSE 0 END),0) AS OUTUBRO
         , NVL(SUM(CASE WHEN TO_CHAR(SBC.REFERENCIA, 'MM') = 11 THEN (SBC.SALDOREAL) ELSE 0 END),0) AS NOVEMBRO
         , NVL(SUM(CASE WHEN TO_CHAR(SBC.REFERENCIA, 'MM') = 12 THEN (SBC.SALDOREAL) ELSE 0 END),0) AS DEZEMBRO
         , 0 AS TOTAL
         , 0 AS MEDIA
    FROM
        (  SELECT CTA.CODCTABCOINT,
                  CTA.DESCRICAO,
                  MES.INI AS REFERENCIA,
                  SUM(SBC.SALDOREAL) AS SALDOREAL
           FROM TSICTA CTA,
                (   SELECT TO_CHAR (ADD_MONTHS (TRUNC (INIT, 'MM'), LEVEL - 1), 'YYYYMM') AS CHAVE,
                           TO_CHAR (ADD_MONTHS (TRUNC (INIT, 'MM'), LEVEL - 1), 'Month') AS MES,
                           ADD_MONTHS (TRUNC (INIT, 'MM'), LEVEL - 1) AS INI
                    FROM (SELECT TO_DATE (:P_PERIODO.INI) AS INIT,
                                 TO_DATE (:P_PERIODO.FIN) AS FINAL
                          FROM DUAL)
                    WHERE ADD_MONTHS (TRUNC (INIT, 'MM'), LEVEL - 1) <= SYSDATE
                    CONNECT BY LEVEL <= MONTHS_BETWEEN (FINAL, INIT) + 1) MES,
                TGFSBC SBC
           WHERE SBC.CODCTABCOINT = CTA.CODCTABCOINT
             AND COALESCE(CTA.CODEMP,0) IN :P_CODEMP
             AND CTA.CODCTABCOINT IN :P_CODBCO
             AND SBC.REFERENCIA = (SELECT MAX(S.REFERENCIA)
                                   FROM TGFSBC S
                                   WHERE TRUNC(S.REFERENCIA,'MM') <= MES.INI
                                     AND S.CODCTABCOINT = CTA.CODCTABCOINT)
           GROUP BY CTA.CODCTABCOINT,
                    CTA.DESCRICAO,
                    MES.INI) SBC
),

     TRANSFBCO AS (

         SELECT
             10000 AS CODNAT
              , ' TRANSFERENCIA BANCARIA' AS DESCRNAT
              , 99999 AS AD_ORDEMDFC
              , 99999 AS AD_AGRUDFC
              , 99999 AS AD_AGRUDFC_2
              , 0 AS GRAU
              , SUM(CASE WHEN TO_CHAR(DTLANC,'MM') = 01 THEN  (VLRLANC) * (RECDESP) END) AS JANEIRO
              , SUM(CASE WHEN TO_CHAR(DTLANC,'MM') = 02 THEN  (VLRLANC) * (RECDESP) END) AS FEVEREIRO
              , SUM(CASE WHEN TO_CHAR(DTLANC,'MM') = 03 THEN  (VLRLANC) * (RECDESP) END) AS MARCO
              , SUM(CASE WHEN TO_CHAR(DTLANC,'MM') = 04 THEN  (VLRLANC) * (RECDESP) END) AS ABRIL
              , SUM(CASE WHEN TO_CHAR(DTLANC,'MM') = 05 THEN  (VLRLANC) * (RECDESP) END) AS MAIO
              , SUM(CASE WHEN TO_CHAR(DTLANC,'MM') = 06 THEN  (VLRLANC) * (RECDESP) END) AS JUNHO
              , SUM(CASE WHEN TO_CHAR(DTLANC,'MM') = 07 THEN  (VLRLANC) * (RECDESP) END) AS JULHO
              , SUM(CASE WHEN TO_CHAR(DTLANC,'MM') = 08 THEN  (VLRLANC) * (RECDESP) END) AS AGOSTO
              , SUM(CASE WHEN TO_CHAR(DTLANC,'MM') = 09 THEN  (VLRLANC) * (RECDESP) END) AS SETEMBRO
              , SUM(CASE WHEN TO_CHAR(DTLANC,'MM') = 10 THEN  (VLRLANC) * (RECDESP) END) AS OUTUBRO
              , SUM(CASE WHEN TO_CHAR(DTLANC,'MM') = 11 THEN  (VLRLANC) * (RECDESP) END) AS NOVEMBRO
              , SUM(CASE WHEN TO_CHAR(DTLANC,'MM') = 12 THEN  (VLRLANC) * (RECDESP) END) AS DEZEMBRO
              , 0 AS MEDIA
              , 0 AS TOTAL

         FROM TGFMBC

         WHERE CODCTABCOINT IN :P_CODBCO
           AND TRUNC(DTLANC) BETWEEN :P_PERIODO.INI AND :P_PERIODO.FIN
           AND ORIGMOV <> 'F'
     ),

     DADOS AS (
         SELECT NAT.CODNAT
              , UPPER(NAT.CODNAT || ' - ' ||NAT.DESCRNAT) AS DESCRNAT
              , DFC.AD_ORDEMDFC
              , DFC.AD_AGRUDFC
              , DFC.AD_AGRUDFC_2
              ,  3 AS GRAU
              , NVL(SUM(CASE WHEN DFC.MES = 01 THEN DFC.VALOR END),0) AS JANEIRO
              , NVL(SUM(CASE WHEN DFC.MES = 02 THEN DFC.VALOR END),0) AS FEVEREIRO
              , NVL(SUM(CASE WHEN DFC.MES = 03 THEN DFC.VALOR END),0) AS MARCO
              , NVL(SUM(CASE WHEN DFC.MES = 04 THEN DFC.VALOR END),0) AS ABRIL
              , NVL(SUM(CASE WHEN DFC.MES = 05 THEN DFC.VALOR END),0) AS MAIO
              , NVL(SUM(CASE WHEN DFC.MES = 06 THEN DFC.VALOR END),0) AS JUNHO
              , NVL(SUM(CASE WHEN DFC.MES = 07 THEN DFC.VALOR END),0) AS JULHO
              , NVL(SUM(CASE WHEN DFC.MES = 08 THEN DFC.VALOR END),0) AS AGOSTO
              , NVL(SUM(CASE WHEN DFC.MES = 09 THEN DFC.VALOR END),0) AS SETEMBRO
              , NVL(SUM(CASE WHEN DFC.MES = 10 THEN DFC.VALOR END),0) AS OUTUBRO
              , NVL(SUM(CASE WHEN DFC.MES = 11 THEN DFC.VALOR END),0) AS NOVEMBRO
              , NVL(SUM(CASE WHEN DFC.MES = 12 THEN DFC.VALOR END),0) AS DEZEMBRO
              , NVL(SUM(DFC.VALOR),0) AS TOTAL
              , CASE WHEN COUNT(DISTINCT TRUNC(DFC.DTREF, 'MM')) = 0 THEN NULL
                     ELSE NVL(SUM(DFC.VALOR),0) / COUNT(DISTINCT TRUNC(DFC.DTREF, 'MM'))
                     END AS MEDIA

         FROM SQA_DFC_GERENCIAL DFC
                  JOIN TGFNAT NAT ON TRUNC(DFC.CODNAT,-4) = NAT.CODNAT
         WHERE DFC.DTREF BETWEEN :P_PERIODO.INI AND :P_PERIODO.FIN
           AND DFC.CODEMP IN :P_CODEMP
           AND DFC.CODCTABCOINT IN :P_CODBCO
           AND DFC.CODCENCUS IN :P_CODCENCUS
           AND (DFC.COMPENSACAO = :P_COMPENSACAO OR :P_COMPENSACAO = 'A')

         GROUP BY DFC.AD_AGRUDFC
                , DFC.AD_AGRUDFC_2
                , DFC.AD_ORDEMDFC
                , NAT.CODNAT
                , NAT.DESCRNAT
     ),

     SUB_TOTAL AS (
         SELECT DFC.AD_AGRUDFC_2 AS CODNAT
              , UPPER(OPTION_LABEL('TGFNAT', 'AD_AGRUDFC_2', DFC.AD_AGRUDFC_2)) AS DESCRNAT
              , 0 AS AD_ORDEMDFC
              , DFC.AD_AGRUDFC
              , DFC.AD_AGRUDFC_2
              , 2 AS GRAU
              , NVL(SUM(CASE WHEN DFC.MES = 01 THEN DFC.VALOR END),0) AS JANEIRO
              , NVL(SUM(CASE WHEN DFC.MES = 02 THEN DFC.VALOR END),0) AS FEVEREIRO
              , NVL(SUM(CASE WHEN DFC.MES = 03 THEN DFC.VALOR END),0) AS MARCO
              , NVL(SUM(CASE WHEN DFC.MES = 04 THEN DFC.VALOR END),0) AS ABRIL
              , NVL(SUM(CASE WHEN DFC.MES = 05 THEN DFC.VALOR END),0) AS MAIO
              , NVL(SUM(CASE WHEN DFC.MES = 06 THEN DFC.VALOR END),0) AS JUNHO
              , NVL(SUM(CASE WHEN DFC.MES = 07 THEN DFC.VALOR END),0) AS JULHO
              , NVL(SUM(CASE WHEN DFC.MES = 08 THEN DFC.VALOR END),0) AS AGOSTO
              , NVL(SUM(CASE WHEN DFC.MES = 09 THEN DFC.VALOR END),0) AS SETEMBRO
              , NVL(SUM(CASE WHEN DFC.MES = 10 THEN DFC.VALOR END),0) AS OUTUBRO
              , NVL(SUM(CASE WHEN DFC.MES = 11 THEN DFC.VALOR END),0) AS NOVEMBRO
              , NVL(SUM(CASE WHEN DFC.MES = 12 THEN DFC.VALOR END),0) AS DEZEMBRO
              , NVL(SUM(DFC.VALOR),0) AS TOTAL
              , CASE WHEN COUNT(DISTINCT TRUNC(DFC.DTREF, 'MM')) = 0 THEN NULL
                     ELSE NVL(SUM(DFC.VALOR),0) / COUNT(DISTINCT TRUNC(DFC.DTREF, 'MM'))
                     END AS MEDIA
         FROM SQA_DFC_GERENCIAL DFC
         WHERE DFC.DTREF BETWEEN :P_PERIODO.INI AND :P_PERIODO.FIN
           AND DFC.CODEMP IN :P_CODEMP
           AND DFC.CODCTABCOINT IN :P_CODBCO
           AND DFC.CODCENCUS IN :P_CODCENCUS
           AND (DFC.COMPENSACAO = :P_COMPENSACAO OR :P_COMPENSACAO = 'A')

         GROUP BY DFC.AD_AGRUDFC_2
                , DFC.AD_AGRUDFC
     ),

     TOTAL AS (
         SELECT DFC.AD_AGRUDFC AS CODNAT
              , '<b> ' || UPPER(OPTION_LABEL('TGFNAT', 'AD_AGRUDFC', DFC.AD_AGRUDFC)) || ' </b>' AS DESCRNAT
              , 0 AS AD_ORDEMDFC
              , DFC.AD_AGRUDFC
              , 0 as AD_AGRUDFC_2
              , 1 AS GRAU
              , NVL(SUM(CASE WHEN DFC.MES = 01 THEN DFC.VALOR END),0) AS JANEIRO
              , NVL(SUM(CASE WHEN DFC.MES = 02 THEN DFC.VALOR END),0) AS FEVEREIRO
              , NVL(SUM(CASE WHEN DFC.MES = 03 THEN DFC.VALOR END),0) AS MARCO
              , NVL(SUM(CASE WHEN DFC.MES = 04 THEN DFC.VALOR END),0) AS ABRIL
              , NVL(SUM(CASE WHEN DFC.MES = 05 THEN DFC.VALOR END),0) AS MAIO
              , NVL(SUM(CASE WHEN DFC.MES = 06 THEN DFC.VALOR END),0) AS JUNHO
              , NVL(SUM(CASE WHEN DFC.MES = 07 THEN DFC.VALOR END),0) AS JULHO
              , NVL(SUM(CASE WHEN DFC.MES = 08 THEN DFC.VALOR END),0) AS AGOSTO
              , NVL(SUM(CASE WHEN DFC.MES = 09 THEN DFC.VALOR END),0) AS SETEMBRO
              , NVL(SUM(CASE WHEN DFC.MES = 10 THEN DFC.VALOR END),0) AS OUTUBRO
              , NVL(SUM(CASE WHEN DFC.MES = 11 THEN DFC.VALOR END),0) AS NOVEMBRO
              , NVL(SUM(CASE WHEN DFC.MES = 12 THEN DFC.VALOR END),0) AS DEZEMBRO
              , NVL(SUM(DFC.VALOR),0) AS TOTAL
              , CASE WHEN COUNT(DISTINCT TRUNC(DFC.DTREF, 'MM')) = 0 THEN NULL
                     ELSE NVL(SUM(DFC.VALOR),0) / COUNT(DISTINCT TRUNC(DFC.DTREF, 'MM'))
                     END AS MEDIA
         FROM SQA_DFC_GERENCIAL DFC
         WHERE DFC.DTREF BETWEEN :P_PERIODO.INI AND :P_PERIODO.FIN
           AND DFC.CODEMP IN :P_CODEMP
           AND DFC.CODCTABCOINT IN :P_CODBCO
           AND DFC.CODCENCUS IN :P_CODCENCUS
           AND (DFC.COMPENSACAO = :P_COMPENSACAO OR :P_COMPENSACAO = 'A')

         GROUP BY DFC.AD_AGRUDFC
     ),

     RESULT AS (
         SELECT 98000 AS CODNAT
              , '<b>( = ) RESULTADO LÍQUIDO DAS DISPONIBILIDADES <B>' AS DESCRNAT
              , 98000 AS AD_ORDEMDFC
              , 98000 AS AD_AGRUDFC
              , 98000 AS AD_AGRUDFC_2
              , 0 AS GRAU
              , NVL(SUM(CASE WHEN DFC.MES = 01 THEN DFC.VALOR END),0) AS JANEIRO
              , NVL(SUM(CASE WHEN DFC.MES = 02 THEN DFC.VALOR END),0) AS FEVEREIRO
              , NVL(SUM(CASE WHEN DFC.MES = 03 THEN DFC.VALOR END),0) AS MARCO
              , NVL(SUM(CASE WHEN DFC.MES = 04 THEN DFC.VALOR END),0) AS ABRIL
              , NVL(SUM(CASE WHEN DFC.MES = 05 THEN DFC.VALOR END),0) AS MAIO
              , NVL(SUM(CASE WHEN DFC.MES = 06 THEN DFC.VALOR END),0) AS JUNHO
              , NVL(SUM(CASE WHEN DFC.MES = 07 THEN DFC.VALOR END),0) AS JULHO
              , NVL(SUM(CASE WHEN DFC.MES = 08 THEN DFC.VALOR END),0) AS AGOSTO
              , NVL(SUM(CASE WHEN DFC.MES = 09 THEN DFC.VALOR END),0) AS SETEMBRO
              , NVL(SUM(CASE WHEN DFC.MES = 10 THEN DFC.VALOR END),0) AS OUTUBRO
              , NVL(SUM(CASE WHEN DFC.MES = 11 THEN DFC.VALOR END),0) AS NOVEMBRO
              , NVL(SUM(CASE WHEN DFC.MES = 12 THEN DFC.VALOR END),0) AS DEZEMBRO
              , NVL(SUM(DFC.VALOR),0) AS TOTAL
              , CASE WHEN COUNT(DISTINCT TRUNC(DFC.DTREF, 'MM')) = 0 THEN NULL
                     ELSE NVL(SUM(DFC.VALOR),0) / COUNT(DISTINCT TRUNC(DFC.DTREF, 'MM'))
                     END AS MEDIA
         FROM SQA_DFC_GERENCIAL DFC
         WHERE DFC.DTREF BETWEEN :P_PERIODO.INI AND :P_PERIODO.FIN
           AND DFC.CODEMP IN :P_CODEMP
           AND DFC.CODCTABCOINT IN :P_CODBCO
           AND DFC.CODCENCUS IN :P_CODCENCUS
           AND (DFC.COMPENSACAO = :P_COMPENSACAO OR :P_COMPENSACAO = 'A')
     )

SELECT A.*
     , CASE WHEN GRAU = 3 THEN '#FFFFFF'
            WHEN GRAU = 2 THEN '#C6DFF6'
            WHEN GRAU = 1 THEN '#7AB6EA'
            WHEN GRAU = 0 THEN '#2178C3'
    END AS BKCOLOR
     , CASE WHEN GRAU = 3 THEN '#000000'
            WHEN GRAU = 2 THEN '#000000'
            WHEN GRAU = 1 THEN '#000000'
            WHEN GRAU = 0 THEN '#FFFFFF'
    END AS FGCOLOR
FROM (
         SELECT *
         FROM SALDO_BANCARIO_INICIAL
         UNION ALL
         SELECT *
         FROM DADOS
         UNION ALL
         SELECT *
         FROM TOTAL
         UNION ALL
         SELECT *
         FROM SUB_TOTAL
         UNION ALL
         SELECT *
         FROM RESULT
         UNION ALL
         SELECT 96000 AS CODNAT
              , '<b>( = ) MOVIMENTAÇÕES BANCARIAS <b>' AS DESCRNAT
              , 96000 AS AD_ORDEMDFC
              , 96000 AS AD_AGRUDFC
              , 96000 AS AD_AGRUDFC_2
              , 1 AS GRAU
              , SUM(JANEIRO) AS JANEIRO
              , SUM(FEVEREIRO) AS FEVEREIRO
              , SUM(MARCO) AS MARCO
              , SUM(ABRIL) AS ABRIL
              , SUM(MAIO) AS MAIO
              , SUM(JUNHO) AS JUNHO
              , SUM(JULHO) AS JULHO
              , SUM(AGOSTO) AS AGOSTO
              , SUM(SETEMBRO) AS SETEMBRO
              , SUM(OUTUBRO) AS OUTUBRO
              , SUM(NOVEMBRO) AS NOVEMBRO
              , SUM(DEZEMBRO) AS DEZEMBRO
              , 0 AS TOTAL
              , 0 AS MEDIA
         FROM TRANSFBCO
         UNION ALL
         SELECT 10000 AS CODNAT
              , '<b>( = ) SALDO BANCARIO FINAL <b>' AS DESCRNAT
              , 99999 AS AD_ORDEMDFC
              , 99999 AS AD_AGRUDFC
              , 99999 AS AD_AGRUDFC_2
              , 0 AS GRAU
              , SUM(JANEIRO) AS JANEIRO
              , SUM(FEVEREIRO) AS FEVEREIRO
              , SUM(MARCO) AS MARCO
              , SUM(ABRIL) AS ABRIL
              , SUM(MAIO) AS MAIO
              , SUM(JUNHO) AS JUNHO
              , SUM(JULHO) AS JULHO
              , SUM(AGOSTO) AS AGOSTO
              , SUM(SETEMBRO) AS SETEMBRO
              , SUM(OUTUBRO) AS OUTUBRO
              , SUM(NOVEMBRO) AS NOVEMBRO
              , SUM(DEZEMBRO) AS DEZEMBRO
              , 0 AS TOTAL
              , 0 AS MEDIA
         FROM (
                  SELECT * FROM SALDO_BANCARIO_INICIAL
                  UNION ALL
                  SELECT * FROM DADOS
                  UNION ALL
                  SELECT* FROM TRANSFBCO
              )
     ) A
WHERE GRAU IN :P_GRAU
ORDER BY AD_AGRUDFC
       , AD_AGRUDFC_2
       , AD_ORDEMDFC
       , ABS(TOTAL) DESC
       , CODNAT]]></expression>
      <metadata>
        <field name="CODNAT" label="CODNAT" type="I" visible="false" useFooter="false"/>
        <field name="DESCRNAT" label="Natureza" type="S" visible="true" useFooter="false"/>
        <field name="AD_ORDEMDFC" label="AD_ORDEMDFC" type="I" visible="false" useFooter="false"/>
        <field name="AD_AGRUDFC" label="AD_AGRUDFC" type="I" visible="false" useFooter="false"/>
        <field name="AD_AGRUDFC_2" label="AD_AGRUDFC_2" type="F" visible="false" useFooter="false"/>
        <field name="GRAU" label="GRAU" type="F" visible="false" useFooter="false"/>
        <field name="JANEIRO" label="Janeiro" type="F" visible="true" useFooter="false" mask="#.##0,00;(n)"/>
        <field name="FEVEREIRO" label="Fevereiro" type="F" visible="true" useFooter="false" mask="#.##0,00;(n)"/>
        <field name="MARCO" label="Março" type="F" visible="true" useFooter="false" mask="#.##0,00;(n)"/>
        <field name="ABRIL" label="Abril" type="F" visible="true" useFooter="false" mask="#.##0,00;(n)"/>
        <field name="MAIO" label="Maio" type="F" visible="true" useFooter="false" mask="#.##0,00;(n)"/>
        <field name="JUNHO" label="Junho" type="F" visible="true" useFooter="false" mask="#.##0,00;(n)"/>
        <field name="JULHO" label="Julho" type="F" visible="true" useFooter="false" mask="#.##0,00;(n)"/>
        <field name="AGOSTO" label="Agosto" type="F" visible="true" useFooter="false" mask="#.##0,00;(n)"/>
        <field name="SETEMBRO" label="Setembro" type="F" visible="true" useFooter="false" mask="#.##0,00;(n)"/>
        <field name="OUTUBRO" label="Outubro" type="F" visible="true" useFooter="false" mask="#.##0,00;(n)"/>
        <field name="NOVEMBRO" label="Novembro" type="F" visible="true" useFooter="false" mask="#.##0,00;(n)"/>
        <field name="DEZEMBRO" label="Dezembro" type="F" visible="true" useFooter="false" mask="#.##0,00;(n)"/>
        <field name="TOTAL" label="Total" type="F" visible="true" useFooter="false" mask="#.##0,00;(n)"/>
        <field name="MEDIA" label="Media" type="F" visible="true" useFooter="false" mask="#.##0,00;(n)"/>
        <field name="BKCOLOR" label="BKCOLOR" type="S" visible="false" useFooter="false"/>
        <field name="FGCOLOR" label="FGCOLOR" type="S" visible="false" useFooter="false"/>
      </metadata>
      <on-click navigate-to="lvl_z6dg3q">
        <param id="A_CODNAT">$CODNAT</param>
        <param id="A_AD_AGRUDFC">$AD_AGRUDFC</param>
        <param id="A_AD_AGRUDFC_2">$AD_AGRUDFC_2</param>
      </on-click>
    </grid>
    <simple-value id="svl_amy5lxe">
      <value-expression><![CDATA[Abrir Validador]]></value-expression>
      <on-click navigate-to="lvl_amy5lwz"/>
    </simple-value>
  </level>
  <level id="lvl_z6dg3q" description="Dados">
    <args>
      <arg id="A_CODNAT" type="integer"/>
      <arg id="A_AD_AGRUDFC" type="integer"/>
      <arg id="A_AD_AGRUDFC_2" type="integer"/>
    </args>
    <grid id="grd_z6dg3r" multiplaSelecao="N" useNewGrid="S">
      <title><![CDATA[<br><p>Grupo: $NATUREZA</p>]]></title>
      <expression type="sql" data-source="MGEDS"><![CDATA[SELECT * FROM    
    (SELECT NAT.CODNAT
         , UPPER(NAT.CODNAT || ' - ' ||NAT.DESCRNAT) AS DESCRNAT
         , DFC.AD_ORDEMDFC
         , DFC.AD_AGRUDFC
         ,  3 AS GRAU
         , NVL(SUM(CASE WHEN DFC.MES = 01 THEN DFC.VALOR END),0) AS JANEIRO
         , NVL(SUM(CASE WHEN DFC.MES = 02 THEN DFC.VALOR END),0) AS FEVEREIRO
         , NVL(SUM(CASE WHEN DFC.MES = 03 THEN DFC.VALOR END),0) AS MARCO
         , NVL(SUM(CASE WHEN DFC.MES = 04 THEN DFC.VALOR END),0) AS ABRIL
         , NVL(SUM(CASE WHEN DFC.MES = 05 THEN DFC.VALOR END),0) AS MAIO
         , NVL(SUM(CASE WHEN DFC.MES = 06 THEN DFC.VALOR END),0) AS JUNHO
         , NVL(SUM(CASE WHEN DFC.MES = 07 THEN DFC.VALOR END),0) AS JULHO
         , NVL(SUM(CASE WHEN DFC.MES = 08 THEN DFC.VALOR END),0) AS AGOSTO
         , NVL(SUM(CASE WHEN DFC.MES = 09 THEN DFC.VALOR END),0) AS SETEMBRO
         , NVL(SUM(CASE WHEN DFC.MES = 10 THEN DFC.VALOR END),0) AS OUTUBRO
         , NVL(SUM(CASE WHEN DFC.MES = 11 THEN DFC.VALOR END),0) AS NOVEMBRO
         , NVL(SUM(CASE WHEN DFC.MES = 12 THEN DFC.VALOR END),0) AS DEZEMBRO
         , NVL(SUM(DFC.VALOR),0) AS TOTAL
         , CASE WHEN COUNT(DISTINCT TRUNC(DFC.DTREF, 'MM')) = 0 THEN NULL
                   ELSE NVL(SUM(DFC.VALOR),0) / COUNT(DISTINCT TRUNC(DFC.DTREF, 'MM'))
                   END AS MEDIA
      FROM SQA_DFC_GERENCIAL DFC
           JOIN TGFNAT NAT ON DFC.CODNAT = NAT.CODNAT
     WHERE DFC.DTREF BETWEEN :P_PERIODO.INI AND :P_PERIODO.FIN
       AND DFC.CODEMP IN :P_CODEMP
       AND DFC.CODCTABCOINT IN :P_CODBCO
       AND DFC.CODCENCUS IN :P_CODCENCUS
       AND TRUNC(DFC.CODNAT,-4) = :A_CODNAT
       AND DFC.AD_AGRUDFC = :A_AD_AGRUDFC
       AND DFC.AD_AGRUDFC_2 = :A_AD_AGRUDFC_2
  GROUP BY DFC.AD_AGRUDFC
         , DFC.AD_ORDEMDFC
         , NAT.CODNAT
         , NAT.DESCRNAT
    )Z
    
ORDER BY ABS(TOTAL) DESC]]></expression>
      <metadata>
        <field name="CODNAT" label="Cód. Natureza" type="I" visible="false" useFooter="false"/>
        <field name="DESCRNAT" label="Natureza" type="S" visible="true" useFooter="false"/>
        <field name="AD_ORDEMDFC" label="AD_ORDEMDFC" type="I" visible="false" useFooter="false"/>
        <field name="AD_AGRUDFC" label="AD_AGRUDFC" type="I" visible="false" useFooter="false"/>
        <field name="GRAU" label="GRAU" type="F" visible="false" useFooter="false"/>
        <field name="JANEIRO" label="Janeiro" type="F" visible="true" useFooter="SUM" mask="#.##0;(n)"/>
        <field name="FEVEREIRO" label="Fevereiro" type="F" visible="true" useFooter="SUM" mask="#.##0;(n)"/>
        <field name="MARCO" label="Março" type="F" visible="true" useFooter="SUM" mask="#.##0;(n)"/>
        <field name="ABRIL" label="Abril" type="F" visible="true" useFooter="SUM" mask="#.##0;(n)"/>
        <field name="MAIO" label="Maio" type="F" visible="true" useFooter="SUM" mask="#.##0;(n)"/>
        <field name="JUNHO" label="Junho" type="F" visible="true" useFooter="SUM" mask="#.##0;(n)"/>
        <field name="JULHO" label="Julho" type="F" visible="true" useFooter="SUM" mask="#.##0;(n)"/>
        <field name="AGOSTO" label="Agosto" type="F" visible="true" useFooter="SUM" mask="#.##0;(n)"/>
        <field name="SETEMBRO" label="Setembro" type="F" visible="true" useFooter="SUM" mask="#.##0;(n)"/>
        <field name="OUTUBRO" label="Outubro" type="F" visible="true" useFooter="SUM" mask="#.##0;(n)"/>
        <field name="NOVEMBRO" label="Novembro" type="I" visible="true" useFooter="SUM" mask="#.##0;(n)"/>
        <field name="DEZEMBRO" label="Dezembro" type="F" visible="true" useFooter="SUM" mask="#.##0;(n)"/>
        <field name="TOTAL" label="Total" type="I" visible="true" useFooter="SUM" mask="#.##0;(n)"/>
        <field name="MEDIA" label="Média" type="F" visible="true" useFooter="SUM" mask="#.##0;(n)"/>
      </metadata>
      <refresh-details ui-list="cht_z6dg36">
        <param id="A_CODNAT2">$CODNAT</param>
        <param id="A_DESCRNAT">$DESCRNAT</param>
      </refresh-details>
    </grid>
    <chart id="cht_z6dg36" type="line" nroColuna="6">
      <args>
        <arg id="A_CODNAT2" type="integer"/>
        <arg id="A_DESCRNAT" type="text"/>
      </args>
      <title><![CDATA[Evolução por Natureza]]></title>
      <expression type="sql" data-source="MGEDS"><![CDATA[    SELECT TO_CHAR(DFC.DTREF, 'Mon/YYYY') AS MES
         , TO_CHAR(DFC.DTREF, 'YYYYMM') AS ORDEM
         , ABS(NVL(SUM(DFC.VALOR),0)) AS TOTAL
         , DFC.CODNAT
         , NAT.DESCRNAT
      FROM SQA_DFC_GERENCIAL DFC
           JOIN TGFNAT NAT ON DFC.CODNAT = NAT.CODNAT
     WHERE DFC.DTREF BETWEEN :P_PERIODO.INI AND :P_PERIODO.FIN
       AND DFC.CODEMP IN :P_CODEMP
       AND DFC.CODCTABCOINT IN :P_CODBCO
       AND DFC.CODCENCUS IN :P_CODCENCUS
       AND TRUNC(DFC.CODNAT,-4) = :A_CODNAT
       AND DFC.CODNAT = :A_CODNAT2
       AND DFC.AD_AGRUDFC = :A_AD_AGRUDFC
       AND DFC.AD_AGRUDFC_2 = :A_AD_AGRUDFC_2
  GROUP BY TO_CHAR(DFC.DTREF, 'Mon/YYYY')
         , TO_CHAR(DFC.DTREF, 'YYYYMM')
         , DFC.CODNAT
         , NAT.DESCRNAT
  ORDER BY ORDEM]]></expression>
      <metadata>
        <field name="MES" label="Mês" type="S" visible="true" useFooter="false"/>
        <field name="ORDEM" label="Ordem" type="S" visible="true" useFooter="false"/>
        <field name="TOTAL" label="Total" type="F" visible="true" useFooter="false" mask="#.##0;(n)"/>
        <field name="CODNAT" label="Cód. Natureza" type="I" visible="true" useFooter="false"/>
        <field name="DESCRNAT" label="DESCRNAT" type="S" visible="true" useFooter="false"/>
      </metadata>
      <horizontal-axis>
        <category field="MES" rotation="0" dropLabel="false">
          <initView value="first"/>
          <title>Mês</title>
        </category>
      </horizontal-axis>
      <vertical-axis>
        <linear resultRotation="0" vResizing="false">
          <mask>#.##0,00;(n)</mask>
        </linear>
      </vertical-axis>
      <series>
        <serie type="line" circle-intersection="true">
          <xField>$MES</xField>
          <yField>$TOTAL</yField>
          <display><![CDATA[Cód. Natureza: $CODNAT<br> Natureza: $DESCRNAT]]></display>
          <color>0x6666</color>
          <on-click navigate-to="lvl_z6dg41">
            <param id="A_MES">$MES</param>
            <param id="A_CODNAT3">$CODNAT</param>
          </on-click>
        </serie>
      </series>
    </chart>
  </level>
  <level id="lvl_z6dg41" description="Dados2">
    <args>
      <arg id="A_MES" type="integer"/>
      <arg id="A_CODNAT3" type="integer"/>
    </args>
    <grid id="grd_z6dg42" useNewGrid="S">
      <title><![CDATA[Mes: :A_MES<br><p>Natureza Analitica: :A_CODNAT3 - $NATUREZA_2</p>]]></title>
      <expression type="sql" data-source="MGEDS"><![CDATA[WITH DADOS AS (
    SELECT 
        DFC.NUFIN
        , DFC.ORIGEM
        , DFC.DTREF
        , TO_CHAR(DFC.DTREF, 'Mon/YYYY') AS MES
        , DFC.CODEMP
        , DFC.CODPARC
        , (SELECT RAZAOSOCIAL FROM TGFPAR WHERE CODPARC = DFC.CODPARC) AS PARCEIRO
        , DFC.CODTIPOPER
        , DFC.CODCENCUS
        , DFC.DESCRCENCUS
        , DFC.CODNAT
        , (DFC.CODNAT || ' - ' || DFC.DESCRNAT) AS DESCRNAT
        , DFC.VALOR AS TOTAL
        , (SELECT CARTAODESC FROM TGFFIN WHERE NUFIN = DFC.NUFIN) AS CARTAODESC

    FROM SQA_DFC_GERENCIAL DFC

    WHERE DFC.DTREF BETWEEN :P_PERIODO.INI AND :P_PERIODO.FIN
    AND DFC.CODEMP IN :P_CODEMP
    AND DFC.CODCTABCOINT IN :P_CODBCO
    AND DFC.CODCENCUS IN :P_CODCENCUS
    AND DFC.AD_AGRUDFC = :A_AD_AGRUDFC
    AND DFC.AD_AGRUDFC_2 = :A_AD_AGRUDFC_2
    
    UNION ALL
    
    SELECT 
        DFC.NUFIN
        , DFC.ORIGEM
        , DFC.DTREF
        , TO_CHAR(DFC.DTREF, 'Mon/YYYY') AS MES
        , DFC.CODEMP
        , DFC.CODPARC
        , (SELECT RAZAOSOCIAL FROM TGFPAR WHERE CODPARC = DFC.CODPARC) AS PARCEIRO
        , DFC.CODTIPOPER
        , DFC.CODCENCUS
        , DFC.DESCRCENCUS
        , DFC.CODNAT
        , (DFC.CODNAT || ' - ' || DFC.DESCRNAT) AS DESCRNAT
        , DFC.VALOR AS TOTAL
        , (SELECT CARTAODESC FROM TGFFIN WHERE NUFIN = DFC.NUFIN) AS CARTAODESC

    FROM SQA_DFC_GERENCIAL DFC

    WHERE DFC.DTREF BETWEEN :P_PERIODO.INI AND :P_PERIODO.FIN
    AND DFC.CODEMP IN :P_CODEMP
    AND DFC.CODCTABCOINT IN :P_CODBCO
    AND DFC.CODCENCUS IN :P_CODCENCUS
    AND DFC.AD_AGRUDFC = :A_AD_AGRUDFC
    AND DFC.AD_AGRUDFC_2 = :A_AD_AGRUDFC_2
    AND :P_FLAG = 'S'
)    


SELECT * FROM DADOS
WHERE CODNAT = :A_CODNAT3 AND MES = :A_MES

ORDER BY 1]]></expression>
      <metadata>
        <field name="NUFIN" label="Nro Único" type="I" visible="true" useFooter="false"/>
        <field name="ORIGEM" label="Origem" type="S" visible="true" useFooter="false"/>
        <field name="DTREF" label="Dt. Referencia" type="D" visible="true" useFooter="false"/>
        <field name="MES" label="Mês" type="S" visible="true" useFooter="false"/>
        <field name="CODEMP" label="Cód. Empresa" type="I" visible="true" useFooter="false"/>
        <field name="CODPARC" label="Cód. Parceiro" type="I" visible="true" useFooter="false"/>
        <field name="PARCEIRO" label="Parceiro" type="S" visible="true" useFooter="false"/>
        <field name="CODTIPOPER" label="Cód. Top" type="I" visible="true" useFooter="false"/>
        <field name="CODCENCUS" label="Cód. Cr" type="I" visible="true" useFooter="false"/>
        <field name="DESCRCENCUS" label="Centro de Resultado" type="S" visible="true" useFooter="false"/>
        <field name="CODNAT" label="Cód. Natureza" type="I" visible="true" useFooter="false"/>
        <field name="DESCRNAT" label="Natureza" type="S" visible="true" useFooter="false"/>
        <field name="TOTAL" label="Total" type="I" visible="true" useFooter="SUM" mask="#.##0;(n)"/>
        <field name="CARTAODESC" label="Taxa Cartao" type="F" visible="true" useFooter="SUM" mask="#.##0;(n)"/>
      </metadata>
      <on-click-launcher resource-id="br.com.sankhya.fin.cad.movimentacaoFinanceira">
        <NUFIN>$NUFIN</NUFIN>
      </on-click-launcher>
    </grid>
  </level>
  <level id="lvl_amy5lwz" description="Tabela Validação.">
    <grid id="grd_amy5lw8" useNewGrid="S">
      <title><![CDATA[Dados da DFC]]></title>
      <expression type="sql" data-source="MGEDS"><![CDATA[SELECT
DFC.NUFIN,
DFC.NUBCO,
DFC.RECDESP,
DFC.CODCTABCOINT,
DFC.DTREF,
DFC.MES,
DFC.ANO,
DFC.CODEMP,
DFC.CODEMPMATRIZ,
DFC.CODPARC,
DFC.CODTIPOPER,
DFC.CODCENCUS,
DFC.DESCRCENCUS,
DFC.CODNAT,
DFC.DESCRNAT,
DFC.VALOR,
DFC.ORIGEM,
UPPER(OPTION_LABEL('TGFNAT', 'AD_AGRUDFC', DFC.AD_AGRUDFC)) AS AGRUDFC,
UPPER(OPTION_LABEL('TGFNAT', 'AD_AGRUDFC_2', DFC.AD_AGRUDFC_2)) AS AGRUDFC_2,
DFC.AD_ORDEMDFC,
DFC.COMPENSACAO

FROM SQA_DFC_GERENCIAL DFC
WHERE DFC.DTREF BETWEEN :P_PERIODO.INI AND :P_PERIODO.FIN
AND DFC.CODEMP IN :P_CODEMP
AND DFC.CODCTABCOINT IN :P_CODBCO
AND DFC.CODCENCUS IN :P_CODCENCUS
AND (DFC.COMPENSACAO = :P_COMPENSACAO OR :P_COMPENSACAO = 'A')]]></expression>
      <metadata>
        <field name="NUFIN" label="Nro Único" type="I" visible="true" useFooter="false"/>
        <field name="NUBCO" label="Nro. Bco." type="I" visible="true" useFooter="false"/>
        <field name="RECDESP" label="Rec/desp" type="I" visible="true" useFooter="false"/>
        <field name="CODCTABCOINT" label="Cod. Cont. Banco" type="I" visible="true" useFooter="false"/>
        <field name="DTREF" label="Baixa" type="D" visible="true" useFooter="false"/>
        <field name="MES" label="Mês" type="S" visible="true" useFooter="false"/>
        <field name="ANO" label="Ano" type="S" visible="true" useFooter="false"/>
        <field name="CODEMP" label="Empresa" type="I" visible="true" useFooter="false"/>
        <field name="CODEMPMATRIZ" label="Empresa Matriz" type="I" visible="true" useFooter="false"/>
        <field name="CODPARC" label="Cód. Parceiro" type="I" visible="true" useFooter="false"/>
        <field name="CODTIPOPER" label="Cod. TOP" type="I" visible="true" useFooter="false"/>
        <field name="CODCENCUS" label="Cód. CR" type="I" visible="true" useFooter="false"/>
        <field name="DESCRCENCUS" label="CR" type="S" visible="true" useFooter="false"/>
        <field name="CODNAT" label="Cód. Natureza" type="I" visible="true" useFooter="false"/>
        <field name="DESCRNAT" label="Natureza" type="S" visible="true" useFooter="false"/>
        <field name="VALOR" label="Valor" type="I" visible="true" useFooter="SUM" mask="#.##0,00;(n)"/>
        <field name="ORIGEM" label="Origem" type="S" visible="true" useFooter="false"/>
        <field name="AGRUDFC" label="Agrupador Nível 1" type="S" visible="true" useFooter="false"/>
        <field name="AGRUDFC_2" label="Agrupador Nível 2" type="S" visible="true" useFooter="false"/>
        <field name="AD_ORDEMDFC" label="Ordenador DFC" type="I" visible="true" useFooter="false"/>
        <field name="COMPENSACAO" label="Compensação" type="S" visible="true" useFooter="false"/>
      </metadata>
      <on-click-launcher resource-id="br.com.sankhya.fin.cad.movimentacaoFinanceira">
        <NUFIN>$NUFIN</NUFIN>
      </on-click-launcher>
    </grid>
    <grid id="grd_anfhms9" useNewGrid="S">
      <title><![CDATA[Clasificação das Naturezas]]></title>
      <expression type="sql" data-source="MGEDS"><![CDATA[SELECT CODNAT
       , DESCRNAT
       , CODNATPAI
       , GRAU
       , ATIVA
       , ANALITICA
       , '<b> ' || UPPER(OPTION_LABEL('TGFNAT', 'AD_AGRUDFC', AD_AGRUDFC)) || ' </b>' AS AGRUP_NIVEL_1
       , '<b> ' || UPPER(OPTION_LABEL('TGFNAT', 'AD_AGRUDFC_2', AD_AGRUDFC_2)) || ' </b>' AS AGRUP_NIVEL_2

FROM TGFNAT NAT
WHERE ANALITICA = 'S'
  AND CODNAT > 0

order by 1 asc]]></expression>
      <metadata>
        <field name="CODNAT" label="Cód. Nat." type="I" visible="true" useFooter="false"/>
        <field name="DESCRNAT" label="Natureza" type="S" visible="true" useFooter="false"/>
        <field name="CODNATPAI" label="Cód. Nat. Pai" type="I" visible="true" useFooter="false"/>
        <field name="GRAU" label="Grau" type="I" visible="true" useFooter="false"/>
        <field name="ATIVA" label="Ativa" type="S" visible="true" useFooter="false"/>
        <field name="ANALITICA" label="Analitica" type="S" visible="true" useFooter="false"/>
        <field name="AGRUP_NIVEL_1" label="Agrupador de Nível 1" type="S" visible="true" useFooter="false"/>
        <field name="AGRUP_NIVEL_2" label="Agrupador de Nível 2" type="S" visible="true" useFooter="false"/>
      </metadata>
    </grid>
  </level>
</gadget>
