<gadget>
  <prompt-parameters>
    <parameter id="P_PERIODO" description="Periodo" metadata="datePeriod" required="true" keep-last="true" keep-date="false" order="1" label="P_PERIODO : Período"/>
    <parameter id="P_CODEMP" description="Empresa" metadata="multiList:Text" listType="sql" required="true" keep-last="true" keep-date="false" order="2">
      <expression type="SQL"><![CDATA[SELECT CODEMP AS VALUE
, CAST(CODEMP AS VARCHAR(MAX)) + ' - ' + NOMEFANTASIA AS LABEL
, TSIEMP.*
FROM TSIEMP
]]></expression>
    </parameter>
    <parameter id="P_CODCTACTB" description="Conta Contábil" metadata="entity:PlanoContaEmpresa@CODCTACTB" required="false" keep-last="true" keep-date="false" order="3" label="P_CODCTACTB : Entidade/Tabela"/>
    <parameter id="P_NUMLOTE" description="Nro. Lote" metadata="integer" required="false" keep-last="true" keep-date="false" range-end="9999" range-ini="1" order="4" label="P_NUMLOTE : Número Inteiro"/>
    <parameter id="P_NUNICO" description="Nro. Único" metadata="integer" required="false" keep-last="true" keep-date="false" order="5" label="P_NUNICO : Número Inteiro"/>
  </prompt-parameters>
  <level id="lvl_a6t12c3" description="Principal">
    <container orientacao="V" tamanhoRelativo="100">
      <grid id="grd_a6t12c4" useNewGrid="S">
        <expression type="sql" data-source="MGEDS"><![CDATA[SELECT * 
    FROM AD_VW_RAZAO_ANALITICO
WHERE DTMOV BETWEEN :P_PERIODO.INI AND :P_PERIODO.FIN
    AND CODEMPCTB IN :P_CODEMP
    AND ((CODCTACTB = :P_CODCTACTB) OR (:P_CODCTACTB IS NULL))
    AND ((NUMLOTE = :P_NUMLOTE) OR (:P_NUMLOTE IS NULL)) 
    AND ((NUNICO = :P_NUNICO) OR (:P_NUNICO IS NULL))]]></expression>
        <metadata>
          <field name="ORIGEM" label="Origem" type="S" visible="true" useFooter="false"/>
          <field name="NUNICO" label="Nro Único" type="I" visible="true" useFooter="false"/>
          <field name="CODCTACTB" label="Cód. Conta Contábil" type="I" visible="true" useFooter="false"/>
          <field name="CODCENCUS" label="Cód. CR" type="I" visible="true" useFooter="false"/>
          <field name="CODPROJ" label="Cód. Projeto" type="I" visible="true" useFooter="false"/>
          <field name="CTACTB" label="Conta" type="S" visible="true" useFooter="false"/>
          <field name="DESCRCTA" label="Conta Contábil" type="S" visible="true" useFooter="false"/>
          <field name="DATAREG" label="Data Lançamento" type="D" visible="true" useFooter="false"/>
          <field name="NUMLOTE" label="Nro. Lote" type="I" visible="true" useFooter="false"/>
          <field name="CODTIPOPER" label="Cód. Top" type="I" visible="true" useFooter="false"/>
          <field name="CODTIPOPERBAIXA" label="Cód. Top Baixa" type="I" visible="true" useFooter="false"/>
          <field name="CODPARC" label="Cód. Parceiro" type="I" visible="true" useFooter="false"/>
          <field name="RAZAOSOCIAL" label="Razão Social" type="S" visible="true" useFooter="false"/>
          <field name="CODEMP" label="Cód. Empresa" type="I" visible="true" useFooter="false"/>
          <field name="CODEMPCTB" label="Cód. Emp. Ctbz" type="I" visible="true" useFooter="false"/>
          <field name="SEQUENCIA" label="Sequencia" type="I" visible="true" useFooter="false"/>
          <field name="TIPLANC" label="Tipo Lcto" type="S" visible="true" useFooter="false"/>
          <field name="NUMLANC" label="Nro. Lançamento" type="I" visible="true" useFooter="false"/>
          <field name="REFERENCIA" label="Referencia" type="D" visible="true" useFooter="false"/>
          <field name="DTMOV" label="Dt. Movimento" type="D" visible="true" useFooter="false"/>
          <field name="CODCONPAR" label="Cod. Contra Partida" type="I" visible="true" useFooter="false"/>
          <field name="NUMNOTA" label="Nro. Nota" type="I" visible="true" useFooter="false"/>
          <field name="COMPLHIST" label="Descrição" type="S" visible="true" useFooter="false"/>
          <field name="CODEMPORIG" label="Cód. Emp. Origem" type="I" visible="true" useFooter="false"/>
          <field name="VlrCredito" label="VlrCredito" type="F" visible="true" useFooter="false"/>
          <field name="VlrDebito" label="VlrDebito" type="F" visible="true" useFooter="false"/>
        </metadata>
        <on-click-launcher resource-id="br.com.sankhya.mgecontab.mov.lancamentos.contabeis"/>
      </grid>
    </container>
  </level>
</gadget>